year_2019,year_2018,country,class_size,academic_rep_score,academic_rep_rank,employer_rep_score,employer_rep_rank,faculty_student_score,faculty_student_rank,faculty_citations_score,faculty_citations_rank,intl_faculty_score,intl_faculty_rank,intl_students_score,intl_students_rank,overall_score
1,1,United States,M,100,3,100,4,100,17,99.8,8,100,41,95.5,77,100
2,2,United States,L,100,5,100,5,100,16,99,13,99.8,56,70.5,190,98.6
3,3,United States,L,100,1,100,1,99.3,40,99.8,9,92.1,151,75.7,164,98.5
4,4,United States,S,98.7,21,81.2,72,100,4,100,5,96.8,115,90.3,103,97.2
5,6,United Kingdom,L,100,4,100,3,100,7,83,56,99.6,63,98.8,43,96.8
6,5,United Kingdom,L,100,2,100,2,100,11,77.2,71,99.4,71,97.9,53,95.6
7,10,Switzerland,L,98.2,23,96.2,27,82.4,131,98.7,15,100,18,98.6,49,95.3
8,8,United Kingdom,L,98.7,19,99.9,7,99.9,23,67.8,112,100,44,100,13,93.3
9,9,United States,L,99.6,13,90.7,47,97.4,48,83.6,54,74.2,229,82.5,136,93.2
10,7,United Kingdom,XL,99.3,14,99.2,16,99.2,41,66.2,121,98.7,82,100,16,92.9
11,15,Singapore,XL,99.8,11,99.1,18,91.8,79,72.8,87,100,24,80.7,144,92
12,11,Singapore,L,90.3,38,92.6,43,95,64,87.5,46,100,22,83.5,132,91.3
13,13,United States,M,99.9,10,96.7,25,70.3,197,100,4,70.1,248,69.2,196,90.9
14,14,United States,L,98.7,20,90.5,48,70.4,195,95.9,22,93.3,142,77,160,90.5
15,16,United States,L,99.9,9,99.7,11,100,5,60.2,156,86.3,186,61.2,236,89.6
16,18,United States,L,99.7,12,97.4,23,100,19,59.2,167,40.4,377,96.2,72,88.5
17,25,China,XL,97,27,99.4,14,91.5,80,77.4,70,60.6,288,29.2,440,87.2
18,23,United Kingdom,L,97.3,24,94,34,85.5,114,57.2,181,97.4,107,98.8,45,86.9
19,19,United States,L,95.4,32,92.6,42,100,15,59.7,164,72.1,239,65.2,219,86.5
20,21,United States,XL,98.9,17,90.2,49,94.3,69,60.5,153,82.3,200,49.8,291,86.4
21,17,United States,L,89.7,40,56.9,136,100,13,80.2,61,79.9,209,81.6,140,85.9
22,12,Switzerland,M,72.8,76,78.2,82,94.5,67,98.9,14,100,14,100,12,85.8
23,28,Japan,L,100,7,99.5,13,94.2,70,72.2,90,12.3,601,25.5,465,85.3
24,20,Australia,L,97.1,26,82.6,66,47.9,319,87.8,44,100,39,99.5,33,84.4
25,26,Hong Kong,L,96.7,28,83.7,63,88.1,96,47.1,264,100,21,99.4,36,84.3
26,21,United States,L,88.2,46,74.7,87,99.3,37,88.2,41,14.3,601,55,260,83.9
27,27,United States,XL,100,6,99.8,9,28.9,512,99.9,7,99.5,67,46.1,308,83.2
28,31,Canada,XL,98.7,18,94,35,74.8,176,47.6,254,96.4,117,92.9,88,83
29,34,United Kingdom,XL,94.6,33,98.5,20,76,168,51.2,221,93.2,144,98.8,46,82.9
30,38,China,XL,99,16,99.8,10,64,229,69.4,103,68.2,251,53.8,268,82.6
31,23,United Kingdom,L,87.7,47,83.2,65,85.1,118,59.9,159,98.6,86,99.7,31,82.5
32,33,United States,XL,100,8,99.1,17,41.8,372,92.4,29,56.1,310,42,336,81.9
33,32,Canada,L,91.4,36,93.1,39,73,183,58.3,175,90.4,162,96.2,73,81.7
34,28,United States,L,85,55,73.1,90,99.8,28,68.4,109,72,240,54.8,263,81.5
35,36,Japan,L,98.6,22,93.2,38,95.7,57,56.6,184,17.4,568,18.2,544,81.2
36,36,South Korea,L,96.2,30,92.7,41,87.7,102,66.5,120,22.1,506,14,601,80.6
37,30,Hong Kong,M,83.6,57,73,91,61.8,241,89,38,100,15,87.9,114,80.5
38,35,United Kingdom,M,84.2,56,99.9,8,47,329,84.6,51,100,28,100,7,80.2
39,41,Australia,XL,99,15,98.8,19,26.5,548,76.4,76,97.6,103,99.9,24,80.1
40,41,South Korea,M,83.2,58,78.3,81,79.5,152,98.5,16,26.4,473,9.8,601,78.7
41,38,United States,XL,91.7,35,56.1,139,62.1,238,84.5,52,64.9,264,70.7,189,78.6
42,50,Australia,XL,97.2,25,97,24,24.9,570,72.7,88,100,42,99.8,29,78.3
43,52,United States,XL,95.6,31,91.3,46,97.3,50,23.7,498,28.4,463,90.9,101,77.7
44,40,China,XL,81.8,61,95.9,31,84.7,119,58.6,173,89.3,170,39.2,353,77.6
45,45,Australia,XL,90.4,37,96.7,26,23.8,592,81.6,58,100,37,97.4,60,77
46,47,United States,L,78.5,65,79,79,45.7,336,95.4,24,78.3,215,100,20,76.6
47,51,Canada,XL,96.7,29,88.1,51,37.6,408,60.7,150,92.2,150,77.7,157,75.8
48,47,Australia,XL,87.3,48,79.9,76,29.9,501,83.4,55,100,35,97.6,57,75.7
49,46,Hong Kong,L,86.1,52,62.7,117,75.9,171,49.5,239,100,52,91.2,100,75.6
50,,France,L,80.3,62,99.3,15,99.9,24,26.6,464,67.7,254,84.2,129,75.1
51,44,United Kingdom,L,75.6,72,89.4,50,75.9,170,63.8,130,84.4,193,66.4,212,74.9
52,54,Netherlands,L,69.3,83,83.9,61,48.5,313,90.2,34,98.6,85,86.7,121,73.3
53,55,United States,XL,88.5,44,51.2,164,87.4,104,52.6,208,58.8,298,30.6,424,73.2
54,57,United Kingdom,L,73.8,74,96.1,29,62.4,236,56.1,189,98.4,91,99.3,37,72.9
55,49,Hong Kong,M,55.6,129,39.2,235,90.9,83,88.7,39,100,20,97.3,62,72.1
56,53,United States,M,62.5,104,52.7,156,81.2,143,89.8,35,88.1,176,58.3,252,72
57,58,Netherlands,L,79.2,64,51.8,161,58.5,266,81.6,60,80.1,208,40.3,345,71.1
58,56,Japan,M,74.6,73,80,75,90.4,86,59.8,161,31,445,27.1,454,71
59,60,Australia,XL,86.7,51,93.1,40,15.3,601,65.9,122,100,45,99,39,70.4
59,62,China,XL,77.8,69,96.1,28,39.4,392,85,50,77.4,217,15.6,582,70.4
61,64,Germany,XL,78.1,68,98.3,21,88.8,90,23.9,493,59.5,294,63.9,222,70
62,66,Germany,XL,90,39,84.4,59,51.8,294,47.1,263,60.2,292,38.8,357,69.4
63,67,United States,XL,93.8,34,78.1,84,14.7,601,94.1,27,7.3,601,20.4,518,68.7
64,68,Germany,L,78.4,67,55.4,143,91.4,81,36.8,348,53.6,318,52.4,273,68
65,59,France,S,46.8,163,99.7,12,99.9,25,47.3,262,95.4,127,95.8,75,67.9
66,61,United States,XL,85,54,46.5,188,21,601,99.5,12,58.6,299,38.4,359,67.8
67,63,Japan,L,79.4,63,70.5,99,81.3,142,52.2,211,23.9,496,15.5,584,67.7
68,87,China,XL,65.6,95,85,56,60.9,248,69.2,105,86.9,183,45.1,313,67.5
69,70,United States,L,73.5,75,74.6,88,23.5,597,100,6,42.4,364,70.9,187,67.4
69,65,United Kingdom,L,70.4,80,59.6,127,60.7,250,57.2,180,94.3,134,96.7,68,67.4
71,69,United States,XL,89.1,42,53.6,151,15.9,601,90.7,32,20.7,522,70,191,67
72,76,Taiwan,XL,88.6,43,70.7,98,40.2,381,68.7,107,16.6,578,19.8,529,66.3
73,75,Argentina,XL,86.1,53,91.6,45,79.1,153,2.5,601,53.4,319,68.5,199,66.2
74,78,United Kingdom,L,57.1,122,94.1,33,38,404,82.5,57,95.5,125,87.5,117,65.7
75,,France,XL,88.4,45,46.6,187,59.4,261,39.7,326,41.4,371,54.6,264,64.8
75,82,United Kingdom,L,61,109,64.1,113,64.5,227,58.8,171,88.9,173,94.2,85,64.8
77,76,Japan,L,68.7,85,61.8,121,98.4,46,45.7,274,14.5,601,18.2,545,64.3
78,73,Switzerland,L,55.6,130,70.8,96,99,44,31.8,410,100,46,59.2,247,63.6
79,84,United Kingdom,L,63.6,100,84.9,57,53.6,288,48.5,248,91.5,155,88.2,113,63.5
79,73,Denmark,XL,67.2,87,47,183,99.9,21,28.8,443,91.6,154,28,447,63.5
81,71,Belgium,XL,76.5,71,60.8,123,13.4,601,87.1,47,89.6,168,39.8,350,63.4
82,84,United Kingdom,L,61.3,108,79.5,77,60.4,254,47.5,258,93.5,139,83.8,131,63.1
83,71,South Korea,S,38.7,199,49.2,170,99.8,30,99.6,10,46.6,343,5.4,601,63
83,80,United States,L,68.1,86,43.1,211,95.5,60,49.6,236,31.7,441,12.7,601,63
85,82,New Zealand,L,82.7,60,59.4,129,21.3,601,52.3,210,87,182,91.3,95,62.8
86,90,South Korea,L,66.7,91,84.7,58,86.8,109,34.8,365,16.9,576,44.2,321,62.7
87,89,United States,M,38.7,198,18.5,488,85.6,113,96,20,89.6,167,85.3,124,62.6
87,114,Malaysia,L,63.9,99,57.7,135,93.5,74,32.6,399,55.9,311,61.2,237,62.6
89,86,United States,XL,64.8,97,55.6,142,81.7,140,41.3,315,81.8,201,41.2,339,62.4
90,95,Russia,XL,71.3,79,78.2,83,99.7,31,6.7,601,16.6,579,73.1,173,62.3
91,93,Australia,L,60,112,58.6,131,24,584,88.4,40,100,29,94.7,81,62.2
92,78,Sweden,L,67.2,88,52.6,157,57.4,271,51.2,220,89.6,169,71.8,181,62.1
93,81,United States,L,62.4,105,66,106,70.8,192,51.9,215,28.6,461,87,119,62
93,101,United Kingdom,XL,67.1,89,83.8,62,49.9,305,41.7,313,84.6,191,81.6,141,62
95,93,United States,XL,77.7,70,70.4,100,26.8,542,77.8,69,14.1,601,40.3,344,61.9
96,102,United Kingdom,L,53.1,136,53.4,152,65.5,222,62.4,136,95.3,130,89.4,108,61.6
97,92,United Kingdom,M,43.2,181,47.7,181,69,206,77,73,99,74,99.9,25,61.4
98,97,China,L,53.7,135,35.9,262,74.2,178,98.4,17,15.9,583,5.9,601,60.8
99,104,Netherlands,M,29.7,275,51.2,165,82.1,136,94.9,25,97.7,99,47.5,302,59.8
100,105,United States,XL,65.7,92,60.7,124,35.2,431,58.3,176,97.5,104,69.2,195,59.5
100,108,South Korea,L,55,132,81.8,69,88.3,95,43.5,295,21.1,514,34,396,59.5
100,118,United States,XL,71.4,78,40.4,227,33.8,450,73.5,83,56.7,305,49.5,292,59.5
100,100,United States,L,43.4,179,18.7,485,99.8,29,67.2,115,74.1,231,60.1,242,59.5
104,98,Sweden,L,45.5,170,69.5,101,60.5,253,75.2,78,95.1,131,42.6,331,59.3
104,88,Ireland,L,58.8,117,55.6,141,39.9,387,63.1,132,98.7,83,91.2,96,59.3
106,95,Hong Kong,L,58,120,39.3,234,65.2,224,49.2,241,99.6,64,78.6,155,59.1
107,106,South Korea,L,59.8,114,81.6,71,86.1,111,33.4,380,17.2,571,38,363,58.9
108,98,Switzerland,L,48,157,27.8,353,56.9,274,75,79,100,34,98.6,47,58.4
109,90,Canada,XL,56.9,124,45.7,193,60.7,249,48.5,247,93.4,141,81.3,142,58.1
110,102,Finland,L,61.7,106,46.9,184,74.8,177,51,224,56.7,304,8.2,601,57.9
111,116,Japan,L,60.9,110,45.7,192,95.8,55,35.4,359,17.8,566,21,507,57.3
112,116,Denmark,M,27.8,303,30.4,320,99.9,22,69.6,102,99.3,72,79.4,150,57.1
113,122,Mexico,XL,89.3,41,87.1,53,50.8,302,4,601,20.4,530,3.9,601,56.8
114,109,Australia,L,56.8,125,46.7,185,31.1,492,65.2,126,97,112,99,40,56.6
115,132,United States,XL,57,123,51.4,162,40.4,380,66.9,116,45.5,349,87.1,118,56.2
116,107,Germany,L,46,167,92.4,44,38.3,400,71,94,61.6,281,63.3,227,55.9
117,112,Sweden,L,63.3,101,37.1,250,47.3,325,58.9,169,62.2,278,45.3,311,55.8
118,121,Brazil,XL,87.2,49,80.4,73,28.2,527,30.7,419,9.6,601,4.3,601,55.5
119,127,United Kingdom,L,50,149,42.4,215,48.2,316,57.5,179,97.2,108,99.5,32,55.4
120,113,Netherlands,L,47.7,158,30.3,322,62.7,235,53.6,201,93.6,137,99.4,35,55.2
121,120,Germany,XL,86.9,50,57.8,134,13.6,601,33.9,374,60.7,285,36.9,372,55.1
122,109,Netherlands,L,65.1,96,29.1,336,33.6,455,65.4,125,78.5,213,43.3,325,55
122,114,China,XL,58.5,119,41.2,223,26.2,550,87.8,45,75.3,224,16.3,572,55
124,109,Netherlands,XL,59.8,113,37.7,243,46.4,333,69.3,104,46.1,345,25.1,468,54.5
125,124,Netherlands,L,37.3,211,18.1,494,95.8,56,60.6,151,38.4,392,86.6,122,54.4
126,128,Japan,L,54.8,133,56.6,138,89.8,88,32.4,401,17.7,567,21.5,504,54.1
126,129,United States,XL,54.8,134,29.1,335,52.5,290,78,67,30.6,447,29,441,54.1
128,133,Sweden,M,28.8,290,67.3,105,69.4,201,69,106,94,135,56.1,257,53.6
128,122,Japan,L,55.5,131,54.6,148,87.2,107,33.3,382,19.5,541,14.6,601,53.6
130,125,Germany,XL,78.4,66,49.1,171,6.8,601,49.6,237,64,271,50.5,289,53.4
131,135,United Kingdom,L,38.8,197,32.8,290,51.6,297,70.4,98,95.4,126,98.1,51,53
132,137,Chile,L,83,59,93.4,37,32.6,470,12.1,601,20,537,5.1,601,52.9
132,134,United States,L,64.6,98,16.7,501,13,601,95.5,23,50.6,326,20.8,508,52.9
134,135,United Kingdom,L,42.9,182,44.2,203,57.9,269,55.6,192,92,152,68.2,200,52.4
135,142,Norway,L,49.2,151,26.1,373,69.9,198,47.8,253,82.6,199,36.5,375,51.9
136,142,United States,L,44.5,176,20.5,455,98.7,45,47.5,257,29.5,454,22.6,490,51.8
137,177,France,S,17.4,473,100,6,87.7,101,43.1,298,74.3,227,90.6,102,51.5
138,125,Belgium,XL,48.9,152,33,287,83.2,125,37.3,346,62.8,274,20.3,521,51.3
139,167,Switzerland,M,28.8,288,34.6,277,54.7,285,88.1,43,100,43,48.3,298,51.1
140,137,Finland,M,36.4,216,48.2,178,56.6,276,68.6,108,85.4,188,39.4,352,50.8
141,119,Denmark,L,49.6,150,48.6,175,51.5,298,50.7,228,85,189,23.7,478,50.7
141,149,United States,XL,61.4,107,54.8,146,19.3,601,56.3,187,65,263,42.7,329,50.7
141,161,United Kingdom,L,38.8,196,62.2,119,62.2,237,39.1,334,93,146,79.1,153,50.7
144,141,Germany,XL,56.4,126,97.7,22,21.8,601,42.1,308,39.2,384,64.9,221,50.4
145,137,United Kingdom,L,47.5,159,44.7,199,56.3,277,39.3,332,72,241,79.8,147,50.3
146,140,Canada,L,39.5,193,44.1,206,81,145,32.9,388,97.8,97,42,335,50.1
147,144,Germany,L,52.3,140,80.2,74,45.6,337,34.8,364,35.2,416,60.3,240,49.9
148,147,United States,L,27.2,310,12.3,501,99.6,35,62,140,52.7,321,47.4,303,49.6
149,130,Canada,XL,52.9,138,54.6,147,41.6,373,31.1,413,95.8,123,68,201,49.5
149,146,Switzerland,L,33.4,244,20.9,451,82.3,133,44.2,287,99.5,65,72.7,175,49.5
151,155,South Korea,L,43.5,178,67.8,103,78.6,155,30.6,421,27.6,470,37.3,370,49.4
151,173,United Kingdom,L,40,191,37.6,244,72.3,186,31.3,411,81.1,206,94.6,83,49.4
153,157,France,S,37.5,208,11.7,501,99.3,39,40.8,319,71,245,26.3,459,49.2
154,145,Israel,L,40.1,189,31.9,295,81.8,139,46.8,270,67.1,255,13.8,601,49.1
154,158,United Kingdom,L,36.5,215,65.1,109,36.4,418,58.8,170,92.9,147,83.3,133,49.1
156,170,Italy,XL,57.1,121,85.9,55,7.5,601,55.8,190,45.8,347,44.3,320,48.7
156,163,United States,XL,66.9,90,25.6,380,27.3,533,61.8,145,8.1,601,21.5,505,48.7
158,160,United Kingdom,L,35.5,221,71.6,95,28.3,523,59.9,158,97.4,106,91.2,98,48.6
159,187,Spain,L,63.2,102,69,102,47.8,320,23.7,499,11.6,601,25.7,462,48.5
160,149,Switzerland,L,29.9,273,23.4,407,31.6,483,92,30,100,25,84.7,125,48.4
160,176,Australia,L,41.3,187,83.5,64,11.7,601,57,182,98.8,80,94.4,84,48.4
162,179,India,M,52.5,139,72.9,93,43.3,359,54.1,199,4.4,601,1.8,601,48.2
163,161,Taiwan,L,44.5,175,47,182,25.9,559,88.2,42,32.5,437,17.9,549,48
163,152,Canada,XL,38,203,70.7,97,9.2,601,77.9,68,79.6,210,83.9,130,48
165,153,Belgium,L,48.6,154,45.6,194,15.6,601,67.6,113,90.8,161,52.3,274,47.9
166,156,Spain,XL,69.9,81,48.9,174,34,444,30.1,426,6.4,601,32.7,406,47.8
167,192,Italy,S,14.9,501,9,501,94.4,68,97.1,18,2.1,601,46.1,309,47.7
168,164,Germany,L,45.1,172,28.4,347,90.5,84,18,583,61.5,284,35.9,381,47.6
169,164,United States,XL,46.1,166,21.6,437,13.7,601,86,49,52.4,322,84.6,126,47.5
170,190,India,S,35,227,16.3,501,55.8,282,100,2,1.6,601,2,601,47.1
171,164,Norway,M,30.8,261,11,501,81,146,59.8,163,88.1,175,14.5,601,46.8
172,172,India,M,46.8,162,65.5,107,21,601,84,53,3.1,601,1.6,601,46.6
172,158,United Kingdom,L,28.6,293,33.1,286,48.3,315,62,141,97.7,100,96.5,69,46.6
172,179,Netherlands,M,21.5,381,24.9,390,44.5,343,90.2,33,92.4,148,77.1,159,46.6
175,192,Italy,S,19,428,7.2,501,99.6,34,81.6,59,11.9,601,23.3,482,46.4
175,154,Austria,XL,60.8,111,35.7,266,26.6,546,17.4,586,98.4,90,93.4,87,46.4
175,151,New Zealand,L,48.6,155,40.1,229,21.7,601,50.9,225,100,32,65.6,215,46.4
178,199,Mexico,L,33.2,246,82.3,67,88.4,94,3.9,601,99.6,60,22.2,494,46.2
179,147,Netherlands,L,34.1,234,45.4,195,43.1,362,59.3,165,74.1,230,71.6,182,46.1
180,202,United Kingdom,L,27.3,308,37.6,245,44.3,349,62.3,137,99.5,68,96.9,65,45.9
180,188,Italy,XL,72.1,77,49.6,169,7.3,601,46.2,272,10.5,601,14.6,601,45.9
180,178,United States,XL,48.2,156,35.7,265,71.5,189,33.1,384,21.6,511,17.8,550,45.9
183,169,United States,M,21.9,376,34.5,278,79.5,151,77,72,5,601,37.4,368,45.8
184,230,Malaysia,L,47.4,160,33.6,282,80.9,147,13.7,601,44.1,352,38.4,358,45.5
184,186,United States,M,24.4,336,9.3,501,100,12,36,353,60.7,287,89.3,109,45.5
186,213,United States,M,20.6,394,11.3,501,97.4,49,53.5,202,43.2,357,72.2,180,45.4
186,171,Germany,L,50.1,148,27,360,33.9,449,52.5,209,59.3,297,45.9,310,45.4
188,182,Belgium,M,24.2,338,29.4,331,95.6,58,29.2,440,84.1,196,65.4,217,45.2
189,173,Saudi Arabia,M,24.4,335,29.7,327,93.9,71,33.6,376,100,19,35.9,382,45.1
190,182,United States,XL,37.5,207,30,325,69.4,202,51.5,219,38.4,393,15.7,578,45
191,195,Germany,XL,33.4,243,72.5,94,82.4,132,20.7,538,35.5,413,36.4,376,44.9
192,173,United States,L,38.6,201,40.1,230,65.2,225,49.5,240,29.5,453,17,559,44.8
193,195,Spain,XL,63,103,35.9,261,21,601,44.1,289,26.4,474,28.3,445,44.7
193,168,Ireland,L,42.4,184,49,172,27.1,536,46.2,273,96.2,120,65.1,220,44.7
195,188,United Kingdom,L,33.6,240,41.6,221,38.3,401,49.1,245,93.5,138,91.2,97,44.4
195,212,United States,L,29.1,281,20,463,100,6,37.6,343,25.7,482,36,380,44.4
197,181,Germany,XL,50.1,147,19.7,469,68.5,207,23.8,497,47,341,27.5,449,44.3
198,192,Japan,XL,51.1,146,77,86,63.5,231,9.7,601,13.4,601,11.1,601,44.1
199,182,Austria,L,30.3,267,61.9,120,6.7,601,79.6,63,74.1,232,91.4,94,44
200,195,Sweden,L,51.8,143,20.3,460,29.5,506,51.6,218,78.7,211,17.5,554,43.9
200,191,South Africa,L,45.6,169,47.7,180,31,493,43.8,292,72.1,238,44.8,314,43.9
202,229,Malaysia,L,41,188,33.2,285,67.3,213,19.7,555,55.9,312,74.4,170,43.8
203,195,United States,XL,59.1,115,48,179,14.1,601,51.8,216,20.3,531,14.5,601,43.5
204,204,Netherlands,L,29.4,279,13.4,501,50.2,303,79.5,65,55.3,314,28.4,444,43.3
204,182,Brazil,L,65.6,93,45.2,196,27,538,31,416,11.1,601,5.1,601,43.3
206,233,Spain,XL,65.6,94,73,92,24.8,571,14.9,601,3.4,601,29.5,433,43.2
207,264,Malaysia,L,45.9,168,40.9,225,64.3,228,19.6,556,36,411,37.5,367,43
208,207,Taiwan,M,26.7,312,37.1,248,52.3,292,68,111,38.5,390,43,328,42.6
208,201,Chile,XL,68.8,84,84.1,60,14.4,601,13.6,601,11.4,601,8.3,601,42.6
208,203,Japan,XL,56.1,127,86,54,33.1,460,8.2,601,30.2,451,34.5,390,42.6
211,200,Netherlands,L,21.8,377,22.7,418,28.8,516,78.9,66,97.5,105,100,15,42.5
212,209,United States,XL,41.6,186,27,359,12.2,601,70.6,95,64.5,268,61.6,233,42.3
212,216,United States,L,30.3,266,30.8,315,58.6,263,55.6,191,61.9,279,20.8,509,42.3
214,207,United States,L,46.4,165,28.9,342,48.2,318,38.8,336,22.7,503,37.7,364,42
214,224,Australia,L,31.2,259,26.2,371,34.6,441,54,200,99.8,57,82.3,138,42
214,210,Canada,L,29.7,274,63.5,115,10.1,601,70.1,100,99.6,62,51.9,281,42
217,215,Italy,XL,69.9,82,36.1,257,5.6,601,41.2,316,5.2,601,9.5,601,41.8
218,234,United Kingdom,L,28.8,287,63.4,116,33,461,44.5,285,81.7,202,76.1,163,41.4
218,232,Australia,L,28.3,295,37.2,247,22.3,601,63.2,131,95.9,122,86.9,120,41.4
220,236,Kazakhstan,L,33.4,245,48.9,173,99.3,38,1.2,601,34.4,426,23,487,41.3
221,220,France,M,25,329,42.5,214,90,87,4.3,601,56.3,307,99,41,41
221,219,New Zealand,L,43.6,177,30.2,323,14.8,601,47.6,255,99.4,70,59.5,244,41
223,223,Germany,L,44.8,174,22.9,414,60.5,252,27,461,36.3,407,25.2,467,40.9
223,210,Belgium,L,22.6,365,22.7,420,94.8,65,25.5,471,65.4,261,42.7,330,40.9
223,238,United Kingdom,L,23.6,348,22.8,416,49.9,306,50.7,227,88,177,91.2,99,40.9
226,227,United States,L,35.1,225,38.7,238,69.7,200,27.3,456,21.5,512,46.4,306,40.8
227,228,United Kingdom,L,29,285,12.6,501,29.7,503,60.4,154,96.9,113,98,52,40.7
228,253,Malaysia,L,30.1,269,35.6,267,85.3,116,17.1,593,27.8,467,58.8,251,40.5
229,217,Canada,XL,33.4,241,39.6,232,35.6,424,42.2,306,85.7,187,61.6,234,40.4
230,205,Israel,L,34.3,233,33.5,283,9.3,601,95.9,21,35.3,414,6.7,601,40.3
231,267,Saudi Arabia,XL,24.9,330,25.1,388,71.3,191,25.3,474,99.1,73,63.9,223,40
231,214,New Zealand,M,35.6,220,35.5,269,16.4,601,52.7,206,99.5,66,66.9,209,40
231,218,Netherlands,L,38.6,200,22.3,424,44.1,351,52.7,207,41.9,367,14.9,594,40
234,222,Taiwan,L,37.8,205,39.3,233,44.2,350,45.2,277,17,575,29.4,435,39.4
235,240,Russia,L,35.3,223,31.3,304,95.2,62,4.8,601,6,601,31.8,412,39.2
236,259,United Kingdom,M,19.3,422,16.1,501,29.2,508,69.9,101,98.1,95,97.9,54,39.1
237,235,Lebanon,M,21.1,387,59.6,126,67.3,214,14.3,601,96.2,119,67.8,202,39
237,243,United States,M,19.8,412,14.2,501,79.7,150,48.4,250,37.6,398,41.4,337,39
239,224,Canada,L,33.7,238,65,110,10.4,601,58.5,174,76.2,219,23.7,480,38.9
239,205,Belgium,L,31.3,257,61.1,122,14.4,601,43,299,81.6,204,91.7,92,38.9
239,242,France,L,29,284,16.5,501,81.9,138,23.4,502,45.6,348,43.8,323,38.9
242,270,Spain,M,33,249,81.7,70,45,340,21.5,522,20.9,521,60.1,241,38.8
242,252,United States,L,21.1,388,16.9,501,76.6,163,54.1,198,7.9,601,41.2,341,38.8
244,250,Russia,M,28.6,292,34.7,276,90.5,85,13.7,601,6,601,51.2,285,38.7
244,247,Australia,XL,39.9,192,52.7,155,12.3,601,39.3,331,98.5,88,42.3,334,38.7
246,230,United States,XL,40.1,190,22.5,421,20,601,72.2,89,14.7,601,18.2,543,38.5
247,224,Israel,L,31.5,255,31.6,298,24.4,579,70.6,96,61.5,282,9.9,601,38.4
248,264,United Kingdom,L,23.7,346,29.4,332,28.8,514,52,213,95.9,121,97.2,63,38.3
249,296,Italy,XL,52.2,141,35.9,260,14,601,50,234,9.5,601,6.4,601,38.2
250,262,Australia,L,30,271,44.1,205,24.7,572,42.8,301,100,23,59.2,248,38
250,240,Australia,L,30.2,268,42.6,213,19.6,601,41.7,311,94.7,133,91.5,93,38
250,247,Australia,XL,33.9,237,65.2,108,14.1,601,27.4,455,100,40,89.8,106,38
253,272,Germany,L,20.5,399,79.1,78,7.5,601,73.6,82,50.4,327,59.5,245,37.9
253,281,Spain,L,34.4,232,59.4,128,68,210,9.2,601,38.7,387,14.9,593,37.9
255,239,Germany,XL,46.6,164,22.2,427,45,341,24,490,30.5,448,27.6,448,37.7
256,221,Saudi Arabia,XL,25.1,327,27.6,354,81.5,141,15.2,601,96.2,118,11.8,601,37.6
257,264,Taiwan,M,23.4,353,23.5,405,76.3,165,39.8,325,17.2,572,31.7,414,37.5
257,282,China,XL,37.4,209,54.5,149,25.5,564,42.1,307,56.2,309,12.5,601,37.5
259,249,United States,L,44.8,173,16.1,501,19.2,601,59.8,162,21,517,15.7,579,37.3
260,243,Ireland,L,20.5,398,26.2,372,76.2,166,17.3,589,90.8,160,59.1,250,37.1
260,259,Germany,L,26.7,313,59.9,125,14.3,601,62.6,134,36.7,404,62.8,229,37.1
260,250,Japan,L,34.9,228,18,495,69.3,203,23.8,495,18.2,560,33.7,398,37.1
263,270,France,S,10,501,64.2,112,86.5,110,14.3,601,27.1,471,100,21,37
264,264,India,M,35.2,224,45.9,191,29.8,502,58.7,172,3.3,601,1.6,601,36.7
264,256,South Korea,L,23.8,344,36.9,252,84.6,120,19.5,560,15.6,588,35.4,385,36.7
264,245,Canada,L,22.7,362,22.9,413,6.2,601,73,85,95.4,128,91.8,91,36.7
264,279,Australia,L,23.8,345,21.4,442,32.6,469,49.2,243,100,11,72.6,176,36.7
268,277,United Kingdom,L,25.5,326,55.7,140,27.5,531,33.1,386,93.2,143,79.6,148,36.6
269,274,United Kingdom,L,20.2,406,14,501,44.4,344,47.3,260,84.5,192,84.4,127,36.4
269,283,Sweden,L,34.6,231,12.5,501,56.3,278,32.1,407,42.5,363,27.4,450,36.4
271,245,Thailand,XL,58.6,118,44.9,197,28.1,529,8.7,601,15.7,586,3.3,601,36.3
272,256,Colombia,L,51.6,144,78.5,80,22.2,601,7.1,601,30.6,446,3,601,36.1
272,267,United Kingdom,M,18.4,447,10.6,501,73.2,182,26.7,463,89.1,171,63.6,225,36.1
274,292,New Zealand,M,18.3,448,19.2,476,16.9,601,71.7,92,97.6,102,80.4,146,36
275,254,Colombia,XL,58.9,116,82.1,68,12.8,601,4.5,601,10.8,601,1.6,601,35.9
275,275,Spain,L,36,219,38,242,55.4,284,22.7,512,9.9,601,29.5,431,35.9
277,299,Hong Kong,M,15.8,501,14.3,501,40.5,379,52,214,100,53,89.7,107,35.8
277,323,Russia,M,19.2,424,21.1,447,99,43,3.4,601,25.6,483,82.9,134,35.8
279,279,Canada,L,19.1,426,18.7,483,24.4,578,62.1,139,100,48,76.9,161,35.7
279,263,United States,L,32,254,12.7,501,35.2,432,47,265,64.6,265,38.3,362,35.7
279,254,Germany,XL,48.6,153,42.8,212,25.3,566,20.7,539,18.2,562,36.1,379,35.7
279,286,Austria,L,20,409,29.5,328,56.8,275,17.3,590,98.1,94,99.2,38,35.7
283,293,India,M,32.5,252,36.7,253,17.6,601,75.6,77,2.1,601,1.4,601,35.6
283,283,United States,XL,39.4,194,25.9,375,40.8,377,31.8,409,27.7,469,25.6,464,35.6
285,325,China,L,22.1,374,9.5,501,56,281,65.8,123,10.2,601,11.6,601,35.3
285,276,Finland,L,26,319,31.5,301,67.4,212,30.1,427,35.8,412,7.5,601,35.3
287,313,Australia,M,18.6,439,11.1,501,26,555,58.9,168,97,111,93.6,86,35.2
288,296,United Kingdom,S,27.5,306,15.3,501,44.4,345,18.1,582,100,36,100,17,35.1
289,236,France,XL,52.2,142,10.3,501,14.6,601,36.7,349,25.4,486,29.8,428,35
289,289,Canada,XL,26.3,317,31.3,305,8.8,601,62.5,135,86.4,185,54.3,266,35
291,316,China,XL,29.6,277,14.3,501,25.9,558,52.2,212,91.8,153,27.1,453,34.9
292,256,China,L,37.8,204,14.8,501,35.3,429,48.3,251,15.6,587,12.8,601,34.8
292,329,Taiwan,S,14.5,501,12.6,501,99.9,20,34.8,366,7.2,601,7.5,601,34.8
292,277,Indonesia,XL,36.1,218,51.3,163,49.1,310,1.8,601,93.9,136,5.5,601,34.8
295,308,India,M,26.5,314,44.3,202,18.3,601,76.8,74,9.9,601,1,601,34.7
295,319,China,XL,35.4,222,44.4,201,41.8,370,30.9,417,19.1,548,9.3,601,34.7
295,305,France,L,42.2,185,5,501,19.1,601,43.9,291,33.9,429,59.4,246,34.7
298,296,Spain,L,32.8,250,31.1,311,21.5,601,45,282,73,236,26.2,460,34.6
299,291,Russia,L,19.7,417,55.2,144,100,18,1.2,601,3.4,601,11.7,601,34.5
299,287,Germany,XL,23.3,354,22.2,428,4,601,96.3,19,29.4,455,26.8,455,34.5
299,269,France,XL,55.8,128,53.1,154,5.1,601,3.8,601,24.6,490,75.6,167,34.5
302,312,United Kingdom,M,15.1,501,40.8,226,34.7,438,37.4,345,98.5,89,96.8,66,34.4
302,287,Sweden,L,19.9,411,28.9,343,56.1,279,41.8,310,58.5,300,19.1,536,34.4
302,341,United States,L,19.8,414,5.4,501,62.9,233,45.5,275,63.6,273,20.7,512,34.4
305,330,France,S,15.4,501,10.6,501,93.7,72,27.1,459,21.2,513,35.7,383,34.3
306,308,United Kingdom,M,15.4,501,7.8,501,25.1,568,62,144,96.9,114,98.6,48,34.2
306,331,Germany,XL,36.9,213,44.7,198,40.1,385,15.9,601,43,360,30.4,426,34.2
308,289,Taiwan,M,26.3,316,11.8,501,78,157,10.9,601,16.6,577,73.4,172,34.1
309,293,Australia,XL,28.1,299,43.6,209,7.9,601,42,309,97.2,109,68.7,197,34
310,373,Spain,L,24.1,339,25,389,83.1,126,14.6,601,6.5,601,32,410,33.7
310,325,United States,M,3.3,501,2.9,501,97.5,47,59.3,166,,,13.3,601,33.7
312,355,Russia,M,14.1,501,29.2,334,99,42,8.7,601,28.1,464,40,347,33.6
313,318,United States,L,20.1,407,11,501,11.1,601,73.2,84,87.7,179,59.1,249,33.4
313,344,China,XL,24,343,25.1,387,47.7,321,47,266,36.3,408,9.7,601,33.4
315,339,South Korea,S,9.7,501,4,501,39.8,389,100,3,9.9,601,9,601,33.3
315,451,United Arab Emirates,S,6.4,501,7.4,501,82.7,129,27.7,454,100,9,56.9,255,33.3
317,314,Czech Republic,XL,38.2,202,36.2,256,43.1,361,11.4,601,19,552,47.8,299,33.2
317,319,New Zealand,S,7.8,501,8.7,501,58.5,267,39.7,327,92.2,149,97.6,58,33.2
319,299,South Korea,L,20.7,393,18.2,491,85.8,112,15.5,601,10.6,601,43.1,326,33.1
319,357,Netherlands,M,15.1,501,18.4,489,9.3,601,79.6,64,93.5,140,52.9,272,33.1
321,322,Japan,L,24.5,334,11.8,501,84.1,122,17,594,12.7,601,16.7,566,32.8
321,314,Estonia,M,20.4,402,21.6,440,82.7,128,18.9,568,22.4,505,20,526,32.8
323,304,United States,XL,42.7,183,31.2,306,26.2,551,19.7,554,41.6,370,22.1,495,32.7
323,349,Brunei,S,10,501,3.7,501,94.8,66,4.8,601,100,51,65.7,214,32.7
325,325,Italy,XL,45.2,171,24.8,394,9.8,601,45.1,280,11.5,601,6.2,601,32.5
326,346,United States,L,18.8,434,22.2,429,29.1,509,39.4,330,78.5,214,97.4,59,32.3
326,341,Germany,L,18.5,443,7.1,501,92.7,75,20.8,535,,,28.2,446,32.3
328,301,Portugal,L,36.9,212,25.5,381,17.1,601,52.9,204,6.2,601,9.5,601,32.2
329,325,Australia,XL,24,341,24.4,396,14.9,601,47,268,98.3,93,54.4,265,32.1
329,373,Russia,M,9.9,501,20,462,96.1,53,5.1,601,44.1,353,72.6,177,32.1
329,308,Germany,XL,34.1,235,33.2,284,45.4,339,20.4,542,28,466,10.5,601,32.1
332,346,United Kingdom,M,11.9,501,16.8,501,21,601,56.9,183,98.9,75,98.5,50,32
332,316,New Zealand,L,27.3,309,28.9,339,18.7,601,24.9,479,98.8,79,89.1,110,32
332,349,Qatar,M,13.9,501,19.3,475,61.9,239,10.5,601,100,12,99.5,34,32
332,357,Germany,M,7.4,501,9.9,501,76,169,44.7,284,45.8,346,31.4,418,32
336,301,United States,L,20.1,408,15.1,501,10.9,601,91.3,31,26.2,477,10.7,601,31.9
336,357,Finland,M,17.2,475,5.7,501,87.2,106,21.7,519,43.6,355,7.3,601,31.9
338,344,China,L,24.1,340,8.1,501,33.9,446,61.8,146,31.1,444,8.8,601,31.7
338,338,Sweden,L,18.6,438,7.4,501,81.1,144,24.4,487,31.9,439,15.1,592,31.7
338,388,Germany,M,18.5,444,67.4,104,11.5,601,56.3,186,44.5,350,33.3,401,31.7
338,283,Ireland,L,25.7,324,25.5,382,28.7,521,30,429,95,132,46.4,307,31.7
338,367,United States,XL,31.4,256,32.3,291,28.1,528,40,323,22.6,504,22.4,491,31.7
343,379,Denmark,L,17,479,34.4,279,43.9,354,33.5,377,75.7,221,39.7,351,31.6
343,382,Russia,L,19.4,420,28.8,344,96.6,52,1.7,601,10.3,601,14.5,601,31.6
345,352,United States,L,28.2,297,24.9,391,31.5,484,34.3,371,40.5,376,50.1,290,31.5
345,364,United States,M,11.9,501,12.4,501,32.2,475,73,86,40.3,379,47.7,301,31.5
345,391,United States,L,16.4,501,6.9,501,66.8,215,43.7,293,26.8,472,14.1,601,31.5
348,303,France,XL,47.1,161,9.3,501,11.6,601,23.6,500,41,373,46.5,305,31.3
349,382,United States,L,22.1,373,7.2,501,39.8,388,39.6,329,30.5,449,82.4,137,31.2
350,390,United Arab Emirates,M,17.2,477,22.7,419,57.6,270,11,601,100,13,62.9,228,31.1
351,343,United Kingdom,L,15.4,501,24.8,392,13.4,601,49.2,244,95.3,129,99.8,27,31
352,351,Japan,L,26.1,318,31.6,299,66.1,219,15.3,601,10.7,601,8.9,601,30.9
352,367,Japan,S,12.5,501,6,501,100,9,21.6,520,3.5,601,14.4,601,30.9
354,334,Belarus,L,16.4,501,30.8,316,95.3,61,1.7,601,9,601,24.4,471,30.8
355,373,Russia,M,10.1,501,31.9,296,99.6,33,1,601,13.1,601,52.1,277,30.7
355,347,United Kingdom,L,20.3,405,13.8,501,19.9,601,35.9,354,99.9,55,99.7,30,30.7
355,373,United Kingdom,L,19.1,425,15,501,32.2,474,28.8,444,97.7,98,88.4,112,30.7
355,305,Portugal,XL,37.7,206,27.6,355,15.1,601,38.2,340,9,601,33.6,399,30.7
359,331,Indonesia,L,36.2,217,41.7,219,43.9,353,3.2,601,42.1,365,2.6,601,30.4
359,346,Canada,L,16.3,501,10.1,501,7.1,601,70.5,97,91.3,157,54.9,261,30.4
361,311,Brazil,XL,53,137,18.9,481,22.5,601,10.4,601,7.1,601,3,601,30.3
362,398,Taiwan,M,9.7,501,13.2,501,93.6,73,18.7,575,28.5,462,20,525,30.2
363,259,Norway,XL,27,311,28.1,349,32.6,468,28.4,445,68.1,252,15.6,583,30.1
363,361,United Kingdom,L,27.8,302,59.3,130,14.8,601,15.1,601,60.5,290,79.3,152,30.1
363,501,Austria,M,11.4,501,15.3,501,73.3,181,16.9,596,65.9,260,52.1,279,30.1
366,380,Finland,M,9,501,17.9,501,76.1,167,32.6,398,38.7,388,17.6,551,30
367,331,Argentina,S,17.3,474,41.4,222,88,97,1.8,601,5.7,601,9.8,601,29.9
367,386,United States,L,16.6,495,12.2,501,82.2,134,19.3,562,18.4,557,15.7,581,29.9
369,367,Australia,L,13.5,501,9.9,501,15.6,601,54.9,195,93.1,145,90,105,29.7
369,364,Argentina,L,16.2,501,44.7,200,86.9,108,1.2,601,,,20.6,514,29.7
369,367,Norway,L,13.3,501,2.9,501,91.9,78,9.2,601,59.9,293,15.5,585,29.7
372,401,Germany,XL,22.8,361,21,449,5.1,601,68.4,110,38.5,389,33,405,29.6
373,386,Russia,M,9.2,501,20.1,461,89.1,89,3.3,601,20.5,527,81.7,139,29.4
373,421,United States,L,16.7,492,7.4,501,23.1,601,60.5,152,69.5,249,33.3,402,29.4
375,372,Switzerland,M,9.9,501,73.5,89,7.7,601,33.4,381,100,47,94.6,82,29.3
376,411,United Arab Emirates,M,16.8,486,43.1,210,25.6,563,14.7,601,100,2,100,4,29.2
376,339,United States,L,23.4,352,29.4,333,31.6,482,29.1,441,73.1,235,20.7,510,29.2
376,411,Finland,M,16.1,501,14.1,501,61.3,243,34.2,373,33.4,432,9.5,601,29.2
376,384,Denmark,L,18.2,452,18.2,492,42.4,368,29.7,437,75.9,220,36.2,378,29.2
380,334,Thailand,L,35.1,226,23.3,410,49.6,307,8.5,601,15.1,594,5.5,601,29.1
381,373,United Kingdom,L,11.1,501,48.5,176,12.1,601,44.3,286,95.5,124,70.9,186,29
381,431,India,M,13.5,501,21.6,439,16.8,601,89.5,36,,,2.6,601,29
381,364,South Africa,L,25.1,328,38.1,241,14.4,601,35.9,355,87.1,181,12.7,601,29
384,337,Argentina,M,8.9,501,27.9,351,91.1,82,1.1,601,7.2,601,71.3,183,28.8
384,323,United States,L,18.2,450,22.8,415,16.8,601,61.4,148,60.6,289,10,601,28.8
384,367,Philippines,XL,30.9,260,49.6,168,54.3,286,2.1,601,1.9,601,1.5,601,28.8
387,397,South Korea,L,12.6,501,22.1,431,84,123,2.1,601,42.9,362,40.8,342,28.7
387,307,Italy,XL,29.4,278,53.3,153,5.7,601,43.3,297,2.7,601,32.2,409,28.7
387,421,Australia,L,12.6,501,23.3,408,17.4,601,42.5,304,98.7,81,87.6,116,28.7
387,411,United States,M,6.5,501,6.8,501,100,14,19.6,557,7.9,601,19.7,531,28.7
391,401,Indonesia,XL,37.4,210,36,259,38.5,397,1.5,601,36.5,406,2.6,601,28.6
391,319,Belgium,L,17.7,463,27.3,357,21.8,601,48.2,252,33,435,61.8,231,28.6
391,401,United States,L,28.5,294,19.5,471,23.9,588,32.1,406,68.4,250,12,601,28.6
394,336,Kazakhstan,L,13.2,501,21.4,441,96.1,54,1.4,601,24.5,492,5,601,28.5
394,411,Poland,XL,36.8,214,35,272,38.4,399,6.9,601,9.1,601,13.4,601,28.5
396,398,United Kingdom,M,21.2,385,8.2,501,23.5,599,25.8,469,84.7,190,95.8,76,28.3
397,,South Korea,L,13.3,501,21,448,80.3,148,10.4,601,20.4,529,30.6,423,28.2
397,360,Australia,L,18.5,442,27.9,352,8.6,601,32.8,394,98.5,87,95.3,78,28.2
397,,Pakistan,S,5.8,501,7.3,501,91.9,77,33.2,383,,,1.1,601,28.2
397,385,Germany,M,23.1,357,10.4,501,43.3,357,23.1,506,60.7,286,31.1,421,28.2
397,394,United States,L,8.3,501,6.8,501,100,8,15.8,601,5.4,601,13,601,28.2
402,378,Canada,L,21.4,384,19.1,478,32.9,463,29.8,435,70.9,246,29.5,434,28.1
402,388,Taiwan,M,23.4,350,17.9,500,30.6,496,46.9,269,18.4,556,8.6,601,28.1
404,401,Russia,L,9.9,501,14.7,501,87.8,100,2.7,601,17.1,574,69.9,192,28
405,361,South Africa,L,25.6,325,28.9,341,5.1,601,50.4,231,57.9,301,13.2,601,27.9
405,361,Portugal,L,27.7,304,31.1,309,30.1,500,22.9,508,26.1,478,35,388,27.9
407,352,Israel,L,16.8,488,13.4,501,20.3,601,52.7,205,72.6,237,26.5,457,27.7
407,398,Germany,XL,20.3,403,16,501,53.8,287,20.4,545,38,396,23.2,483,27.7
407,401,Colombia,L,9.3,501,37.5,246,95.6,59,1.1,601,14.7,598,1.6,601,27.7
407,401,Portugal,L,29.3,280,14.6,501,22.9,601,33.1,385,11.3,601,53,271,27.7
411,461,Poland,XL,30.7,264,27.5,356,52.6,289,6.2,601,4.8,601,10.4,601,27.6
412,451,United States,M,10.6,501,5.6,501,83.6,124,18.6,576,20.7,523,23.1,486,27.5
412,461,Spain,L,22.2,372,15.9,501,69.1,205,12.7,601,4.3,601,6.7,601,27.5
412,491,Russia,L,14.7,501,14.7,501,88.5,92,1.9,601,14.3,601,25.7,463,27.5
415,471,China,XL,19.8,415,21.9,434,17.9,601,62.7,133,13.1,601,7.9,601,27.4
415,391,Taiwan,M,22.2,369,15.4,501,34.8,437,38.8,337,21.6,510,21.5,503,27.4
417,431,Pakistan,M,15.9,501,41.9,218,73.9,180,7.8,601,3.5,601,4,601,27.3
417,401,United Kingdom,M,11.1,501,12.2,501,24,585,50.6,229,75.5,222,57.3,254,27.3
419,451,United States,L,13.2,501,18.7,482,22.8,601,74.1,81,6.2,601,5,601,27.2
420,395,Egypt,M,22.2,371,28.5,346,47.2,326,5.3,601,91.4,156,4.9,601,27.1
420,431,Argentina,M,9.5,501,9.8,501,76.8,162,1.1,601,37.5,399,95.9,74,27.1
422,391,Ireland,L,14.7,501,30.7,318,42.9,366,15.7,601,70.6,247,53.8,269,27
422,421,China,XL,25.9,322,8.7,501,51.6,296,16,601,38.2,394,4.5,601,27
422,421,Italy,XL,39,195,20.6,452,11.1,601,32,408,8,601,5.8,601,27
422,381,France,XL,22.2,370,27.1,358,11.8,601,50.8,226,13.1,601,43.1,327,27
426,395,United States,M,18,456,8,501,22.6,601,41.5,314,19.2,547,100,14,26.9
426,441,Italy,L,24.4,337,14.2,501,16.4,601,50.1,232,37.3,401,9.1,601,26.9
426,421,United States,L,15.9,501,13.4,501,9.1,601,60.4,155,28.8,460,75.7,165,26.9
429,411,United States,M,12.1,501,20.6,454,31.8,480,41.7,312,20.2,532,82.8,135,26.8
429,481,Taiwan,M,4.1,501,5.1,501,72.5,184,47,267,4.9,601,9.5,601,26.8
431,421,United States,XL,24.7,333,18.1,493,22.4,601,32.9,390,66.2,258,11.9,601,26.7
432,481,United Kingdom,M,10.7,501,6.6,501,33.8,452,45,281,66.5,256,48.3,297,26.5
432,471,South Korea,L,10.1,501,11,501,85.2,117,8.3,601,16.1,580,35.6,384,26.5
432,471,Iran,M,11.3,501,16.5,501,13.4,601,86.7,48,1.9,601,1.9,601,26.5
435,441,United Kingdom,M,8.3,501,7.7,501,14.5,601,65.7,124,57.2,303,67.1,206,26.4
435,441,South Korea,M,18.9,429,40.1,231,51.2,300,15.5,601,13.6,601,15.4,586,26.4
435,431,United Kingdom,L,12.2,501,14.8,501,34.2,443,30.6,420,74.8,225,65.4,216,26.4
435,421,United States,L,22.7,364,8.5,501,36.2,420,38.4,339,9.7,601,20.4,517,26.4
439,441,Russia,L,17.2,478,9.3,501,77.1,160,2.8,601,6.9,601,39,355,26.2
439,421,United States,L,12.8,501,9.9,501,12.4,601,71.6,93,39.7,381,24.9,469,26.2
439,461,United States,L,10.5,501,4.9,501,76.9,161,20.2,546,19.7,538,20.5,516,26.2
442,,Brunei,S,6.8,501,9.3,501,77.9,158,4.3,601,98.8,77,20,527,26.1
443,431,Australia,S,3,501,9.9,501,51.4,299,18.2,581,98.8,78,97.7,56,26
443,471,China,XL,17.2,476,6.2,501,26.2,552,62,143,10.3,601,5.5,601,26
443,501,Macau,M,10.9,501,6.2,501,21.2,601,34.6,368,100,10,96.7,67,26
446,401,Greece,L,19.4,421,41.1,224,8.9,601,59.9,160,,,4.7,601,25.9
446,501,Russia,L,10.1,501,16.1,501,75.7,172,1.3,601,5.6,601,90.3,104,25.9
448,471,Saudi Arabia,XL,6.2,501,3.6,501,81.9,137,1.5,601,100,31,23.9,473,25.8
448,431,Turkey,M,16.3,501,34.7,274,47,330,18.8,574,44.2,351,6.7,601,25.8
450,481,United States,L,18.8,432,22,433,40,386,28.2,449,34.5,423,10,601,25.7
450,441,United States,L,17.5,471,6.5,501,31.1,491,36.9,347,62.5,275,25.4,466,25.7
450,451,Oman,M,9.5,501,13,501,65.4,223,11,601,100,50,4.8,601,25.7
453,431,Germany,L,17.6,467,7.5,501,56.1,280,25.2,475,17.3,570,12.3,601,25.6
453,411,France,XL,34.7,230,8,501,15.3,601,25,478,25.6,484,29.3,438,25.6
453,481,United States,M,11.4,501,5.1,501,19,601,76.5,75,13,601,13.7,601,25.6
456,421,Turkey,M,20.5,395,38.8,237,21.4,601,24.8,481,66.4,257,15.8,575,25.5
456,421,Japan,M,21.5,382,63.9,114,34.6,439,4.4,601,25.2,487,26.8,456,25.5
456,471,Austria,M,11,501,29,337,40.2,382,27.3,457,71.5,244,21.5,502,25.5
456,501,South Korea,M,4.9,501,2.5,501,96.9,51,17.4,587,3.9,601,4.1,601,25.5
460,501,Japan,S,6.3,501,3.5,501,99.6,32,11,601,5.2,601,2.6,601,25.4
461,501,United States,S,5,501,2.7,501,36,421,54.7,196,17.9,564,79.5,149,25.3
461,501,Germany,L,10.4,501,6.9,501,37.1,412,32.9,391,63.7,272,63.9,224,25.3
461,451,Canada,L,10.7,501,10.1,501,32,476,34.5,369,75.4,223,56.5,256,25.3
464,441,New Zealand,L,17.5,469,25.4,383,17.5,601,10.6,601,99.6,61,99.9,23,25.2
464,451,China,L,21.2,386,7.6,501,32,477,44.1,290,6,601,8.1,601,25.2
464,501,Japan,L,13,501,5.6,501,77.3,159,15.5,601,9.3,601,6.3,601,25.2
464,431,Canada,XL,14.4,501,38.2,239,6.8,601,28.1,451,83.3,197,87.8,115,25.2
464,411,Kazakhstan,M,11.9,501,24.8,393,87.3,105,1.2,601,1.6,601,2.1,601,25.2
464,501,Brazil,L,12.4,501,6.5,501,84.6,121,11,601,7,601,2,601,25.2
470,491,Spain,XL,28.7,291,51.9,160,21.4,601,11.6,601,3.3,601,32.6,407,25.1
470,501,Hungary,L,16.8,489,13,501,60.1,257,6.6,601,15.6,589,57.4,253,25.1
472,431,United States,XL,25.8,323,31.1,310,12.4,601,40.3,322,12.2,601,6.5,601,25
472,501,India,M,13,501,14.1,501,26.4,549,64.6,127,1.8,601,1.6,601,25
472,481,Italy,XL,28.9,286,17.4,501,5.8,601,51.8,217,3.1,601,,,25
475,491,China,XL,18,458,12,501,52.3,291,23.3,503,20.6,525,3.3,601,24.8
476,501,Russia,M,8.9,501,17.9,497,75.1,174,5.2,601,8.7,601,54.9,262,24.7
476,431,China,XL,24,342,5.6,501,28.8,515,40.4,321,8.4,601,5,601,24.7
478,551,Australia,L,13.7,501,10.2,501,13.4,601,39.6,328,74.2,228,74.8,169,24.6
478,451,France,M,9.5,501,35.6,268,47.7,322,8.1,601,34.7,419,86.1,123,24.6
480,501,Kazakhstan,L,8,501,8.5,501,92.6,76,1,601,21,518,12.6,601,24.5
481,491,Kazakhstan,S,7.4,501,8.6,501,87.7,103,1.1,601,37.4,400,16.8,564,24.4
481,,Malaysia,M,6.5,501,31,312,58.6,265,3,601,50.3,328,75.4,168,24.4
481,551,Spain,L,13.4,501,19.7,468,47.1,327,11.3,601,25.9,481,80.9,143,24.4
481,451,Finland,M,15.4,501,7.2,501,42.9,365,35.4,358,26.3,476,10.4,601,24.4
481,401,Ukraine,L,12.5,501,8.2,501,70.7,194,1.8,601,1.5,601,79.4,151,24.4
481,441,Canada,XL,21.5,383,33.7,281,14.4,601,21,532,34.8,418,70.8,188,24.4
487,481,India,L,34,236,48.5,177,11,601,15.4,601,6.4,601,2,601,24.2
488,401,Lithuania,L,16.9,485,31.8,297,60.2,256,6.1,601,11.7,601,6,601,24.1
489,471,United States,XL,20.8,392,11.4,501,18.8,601,39.9,324,32.5,438,21.9,499,24
489,501,France,XL,33.6,239,5.2,501,22.7,601,7.8,601,43.3,356,34.4,391,24
491,551,China,L,16.1,501,8.7,501,29.1,510,48.9,246,10.6,601,7,601,23.9
491,491,Brazil,XL,28.8,289,15.3,501,38.2,403,12.9,601,6.8,601,5.1,601,23.9
491,481,Italy,L,23.2,356,50.2,167,17.7,601,18.9,566,21.1,516,24.1,472,23.9
494,461,United States,L,15.6,501,11.3,501,10.4,601,67.3,114,9.9,601,6.2,601,23.8
495,501,Spain,XL,34.9,229,14,501,12.8,601,21.4,524,5.1,601,23.7,476,23.7
495,501,Germany,M,8.2,501,11.2,501,7.8,601,74.4,80,24.3,493,31.5,417,23.7
495,501,United States,L,10.7,501,13,501,61,246,17.6,585,37.1,403,10.6,601,23.7
498,501,Iran,M,4.9,501,9.8,501,8.6,601,92.7,28,4.2,601,2.5,601,23.6
498,551,Australia,XL,15.9,501,26.4,368,9.9,601,25.9,468,100,30,47.8,300,23.6
500,441,Singapore,M,12.7,501,29,338,13.8,601,21.2,527,100,33,69.4,193,23.5
500,501,Germany,L,9.5,501,26.9,362,66.4,218,10.3,601,,,33.1,403,23.5
500,491,Lebanon,M,7.7,501,26.9,361,68.1,209,2.3,601,62.2,277,10.2,601,23.5
500,551,China,L,18.2,449,6,501,18.9,601,56.3,188,5,601,4.6,601,23.5
501,501,United States,L,,,,,43,364,27.9,453,41.9,366,48.4,296,23.1 - 23.4
501,501,China,L,,,,,36.2,419,27.2,458,49.9,330,44.7,315,23.1 - 23.4
501,551,United States,M,,,,,88.6,91,,,,,,,23.1 - 23.4
501,501,United States,M,,,,,37.9,405,45.2,279,,,47,304,23.1 - 23.4
501,551,Russia,M,,,,,99.4,36,,,,,14.9,595,23.1 - 23.4
501,491,South Korea,L,19.8,413,,,42.2,369,21.1,529,,,,,23.1 - 23.4
501,461,Turkey,S,,,23.6,403,38.6,396,21.1,530,39.5,382,17.1,557,23.1 - 23.4
501,411,Costa Rica,XL,27.4,307,36.4,255,41.5,374,,,,,,,23.1 - 23.4
501,461,Italy,XL,32.7,251,,,,,30,428,,,,,23.1 - 23.4
501,551,South Korea,L,,,,,71.9,187,30.6,424,,,,,23.1 - 23.4
511,601,Russia,M,,,,,74.2,179,,,17.2,573,36.9,373,22.9 - 23
511,551,Japan,M,,,,,82.5,130,,,,,,,22.9 - 23
511,501,Japan,L,,,,,74.9,175,,,,,,,22.9 - 23
511,501,China,XL,,,,,33.9,447,50.1,233,,,,,22.9 - 23
511,601,Cuba,M,,,25.8,378,66.6,216,,,,,,,22.9 - 23
511,451,Chile,L,33.1,248,52.2,158,,,,,,,,,22.9 - 23
511,461,Italy,XL,29.1,283,,,,,33,387,,,17.4,555,22.9 - 23
511,481,Germany,L,20.5,400,,,29.5,505,23.5,501,42.9,361,22.3,492,22.9 - 23
511,501,Ireland,L,,,21.3,444,27.2,535,24,491,89.7,166,19.6,532,22.9 - 23
521,481,Egypt,XL,30.8,263,55,145,,,,,,,,,22.6 - 22.8
521,481,Germany,L,,,,,,,47.3,261,38.9,386,,,22.6 - 22.8
521,501,Finland,S,,,,,23.7,594,49.6,238,41.1,372,37.6,366,22.6 - 22.8
521,551,Japan,M,,,,,87.8,99,,,,,,,22.6 - 22.8
521,461,Colombia,L,32.4,253,58,133,,,,,,,,,22.6 - 22.8
521,481,China,L,26,320,30.9,313,35,436,,,,,,,22.6 - 22.8
521,501,France,L,23.4,351,,,44.3,347,,,,,34,397,22.6 - 22.8
521,601,Malaysia,M,,,19.7,467,31.8,481,16.8,599,89.9,165,42.4,333,22.6 - 22.8
521,501,United States,XL,,,,,,,47.4,259,47.8,337,34.3,392,22.6 - 22.8
531,551,Finland,M,,,,,44.3,348,29.5,438,40.7,375,21.7,500,22.2 - 22.5
531,491,Czech Republic,L,18.5,440,43.9,208,28.2,526,,,,,44,322,22.2 - 22.5
531,551,China,L,,,,,,,70.3,99,,,,,22.2 - 22.5
531,601,United States,M,,,,,60.9,247,,,,,97.1,64,22.2 - 22.5
531,501,Brazil,M,,,25.8,379,69.3,204,,,,,,,22.2 - 22.5
531,551,Russia,L,,,,,87.9,98,,,,,16.8,562,22.2 - 22.5
531,411,Ukraine,L,18.8,433,,,60.6,251,,,,,,,22.2 - 22.5
531,501,Uruguay,S,,,,,71.7,188,,,14.7,599,,,22.2 - 22.5
531,551,France,L,,,18.7,484,78.1,156,,,,,29.8,429,22.2 - 22.5
531,501,Portugal,L,,,,,23.9,587,60.2,157,,,,,22.2 - 22.5
531,551,United States,M,,,,,70.7,193,23.3,504,,,19.5,534,22.2 - 22.5
541,471,United States,L,19.7,416,30.8,314,35.1,434,,,,,27.2,451,21.9 - 22.1
541,601,Russia,L,,,,,79.8,149,,,20,536,42.6,332,21.9 - 22.1
541,551,Japan,M,,,,,69.8,199,,,,,,,21.9 - 22.1
541,551,China,XL,16.8,487,,,,,45.2,278,,,,,21.9 - 22.1
541,551,China,XL,,,,,,,62.1,138,,,,,21.9 - 22.1
541,551,Saudi Arabia,XL,,,,,61.8,242,,,99.6,59,18.3,541,21.9 - 22.1
541,,Spain,L,,,53.8,150,,,,,96.5,116,45.1,312,21.9 - 22.1
541,501,Canada,XL,23.6,349,19.2,477,,,29.3,439,48.9,332,17.4,556,21.9 - 22.1
541,501,United States,L,,,,,37.8,406,32.8,393,,,17,558,21.9 - 22.1
551,601,South Korea,L,,,,,72.3,185,,,,,,,21.5 - 21.8
551,551,Germany,L,,,,,,,72,91,,,14.7,600,21.5 - 21.8
551,401,Germany,L,19.3,423,,,,,40.9,318,24.2,495,29.4,436,21.5 - 21.8
551,471,Turkey,L,23.7,347,56.6,137,,,21,531,,,,,21.5 - 21.8
551,431,Peru,L,33.1,247,42,217,,,,,15.9,584,,,21.5 - 21.8
551,651,Pakistan,L,,,19.8,465,,,64,129,,,,,21.5 - 21.8
551,501,United States,L,16.6,494,,,,,27,460,,,60.3,238,21.5 - 21.8
551,601,South Africa,L,,,26.6,366,34,445,,,73.4,233,29.7,430,21.5 - 21.8
551,551,United States,L,,,,,,,42.6,303,33.7,430,,,21.5 - 21.8
551,501,United States,L,,,,,,,36.7,350,80.5,207,28.9,442,21.5 - 21.8
561,601,United Arab Emirates,S,,,35.2,270,24.2,582,,,100,1,100,3,21.1 - 21.4
561,501,Greece,XL,24.7,331,23.8,402,,,33.5,378,,,20.2,522,21.1 - 21.4
561,601,United States,L,,,,,76.6,164,,,,,,,21.1 - 21.4
561,551,Japan,M,,,,,63.5,230,18.8,573,,,,,21.1 - 21.4
561,471,Austria,L,18,455,22.8,417,,,17.2,592,55.8,313,30.6,425,21.1 - 21.4
561,461,Germany,L,,,,,65.8,220,,,,,,,21.1 - 21.4
561,601,Taiwan,M,,,,,39,395,30,430,29.2,456,20.4,520,21.1 - 21.4
561,551,Spain,XL,29.1,282,,,,,21.8,518,,,,,21.1 - 21.4
561,501,South Africa,XL,22.7,363,40.4,228,,,17.4,588,55.3,315,17,560,21.1 - 21.4
561,601,United States,XL,17.4,472,,,,,32.8,395,43.1,359,,,21.1 - 21.4
571,491,Turkey,L,18.9,430,52,159,,,26.7,462,19,553,,,20.9 - 21
571,501,South Korea,L,,,,,57.2,273,19.6,559,,,,,20.9 - 21
571,551,United Kingdom,L,,,39,236,,,,,73.1,234,99.8,28,20.9 - 21
571,551,China,XL,,,,,,,62,142,,,,,20.9 - 21
571,551,Czech Republic,L,20.5,396,20.9,450,,,,,23.4,501,72.6,178,20.9 - 21
571,,Bosnia and Herzegovina,S,,,,,70.4,196,,,37.7,397,67.1,207,20.9 - 21
571,551,Japan,M,,,,,23.8,591,50.6,230,,,,,20.9 - 21
571,551,Italy,XL,26.5,315,,,,,34.9,363,,,,,20.9 - 21
571,501,Germany,L,,,,,,,41,317,36.1,410,,,20.9 - 21
571,441,France,XL,20.4,401,,,,,35.1,361,,,19.1,537,20.9 - 21
581,551,United States,M,,,,,44,352,23.8,494,,,14.8,596,20.5 - 20.8
581,,Saudi Arabia,L,,,,,67.4,211,,,99.4,69,,,20.5 - 20.8
581,551,Argentina,S,,,30.4,321,61.1,244,,,19.1,551,15.3,587,20.5 - 20.8
581,651,South Korea,L,,,,,59.7,260,,,,,16.3,571,20.5 - 20.8
581,601,Mexico,L,,,38.1,240,59.1,262,,,,,,,20.5 - 20.8
581,601,Spain,L,22.9,359,,,27.2,534,22.5,514,,,,,20.5 - 20.8
581,551,Italy,L,21.6,380,,,,,39,335,,,15.2,588,20.5 - 20.8
581,501,Germany,L,24.7,332,,,24.2,581,19.9,551,,,21.6,501,20.5 - 20.8
581,491,Canada,L,,,24.2,399,,,32.9,389,46.9,342,,,20.5 - 20.8
581,601,United States,L,,,,,,,35,362,,,19,538,20.5 - 20.8
581,551,United States,L,18,457,,,,,28.1,450,,,30.8,422,20.5 - 20.8
581,551,Lithuania,M,,,36,258,42.4,367,,,,,29.9,427,20.5 - 20.8
591,651,South Korea,M,,,,,85.3,115,,,,,,,20.3 - 20.4
591,501,United Kingdom,L,,,,,,,,,74.6,226,96.4,70,20.3 - 20.4
591,551,United States,M,,,,,32.3,472,37.5,344,,,35,389,20.3 - 20.4
591,501,Australia,M,,,,,,,29,442,86.6,184,37.3,369,20.3 - 20.4
591,601,Spain,L,25.9,321,,,23.4,600,,,,,29.3,439,20.3 - 20.4
591,601,Argentina,S,,,32,294,62.8,234,,,,,,,20.3 - 20.4
591,,Lebanon,M,,,,,83.1,127,,,,,,,20.3 - 20.4
591,601,United Kingdom,M,,,,,,,26.4,466,55.2,316,84.2,128,20.3 - 20.4
591,601,United Kingdom,L,,,,,,,34.4,370,65,262,54,267,20.3 - 20.4
591,601,India,S,,,,,28.7,519,42.9,300,,,,,20.3 - 20.4
591,601,United States,XL,16.5,499,,,31.5,485,24.6,485,18.8,555,,,20.3 - 20.4
591,551,Belgium,M,,,,,,,61.6,147,33.2,433,39.9,348,20.3 - 20.4
601,,Russia,M,,,,,82.2,135,,,,,29.3,437,18.7 - 20.2
601,551,Israel,L,,,,,,,43.6,294,71.7,242,,,18.7 - 20.2
601,601,Australia,M,,,,,28.7,522,,,98.4,92,94.8,80,18.7 - 20.2
601,501,United States,XL,30.4,265,,,,,,,,,,,18.7 - 20.2
601,651,United States,S,,,,,25.4,565,55.1,194,36.6,405,,,18.7 - 20.2
601,551,Iran,L,,,,,,,80.2,62,,,,,18.7 - 20.2
601,601,India,M,,,,,23.6,595,40.7,320,,,,,18.7 - 20.2
601,651,Japan,M,,,,,75.4,173,,,,,,,18.7 - 20.2
601,601,United Kingdom,M,,,,,32.4,471,25,477,56.2,308,52.1,278,18.7 - 20.2
601,601,China,L,,,,,,,66.6,118,,,,,18.7 - 20.2
601,601,Lebanon,M,,,30.7,317,25.9,557,,,97.1,110,52.2,276,18.7 - 20.2
601,551,Hong Kong,S,,,,,28.8,517,18.4,580,100,38,38.9,356,18.7 - 20.2
601,701,Russia,L,,,,,64.7,226,,,,,14.8,598,18.7 - 20.2
601,601,Taiwan,M,19.5,419,22,432,26.1,554,,,18.3,558,50.8,287,18.7 - 20.2
601,501,Ukraine,L,,,,,61.9,240,,,,,,,18.7 - 20.2
601,701,Japan,M,,,,,61,245,20.2,547,,,,,18.7 - 20.2
601,551,Germany,L,,,,,33.4,456,19.6,558,26.3,475,23.7,479,18.7 - 20.2
601,501,Brazil,L,28.2,298,18.7,486,,,,,20.1,534,,,18.7 - 20.2
601,651,United States,M,,,,,31.9,478,,,34.6,421,22,496,18.7 - 20.2
601,551,China,XL,18.2,451,,,23.5,598,34.7,367,,,,,18.7 - 20.2
601,701,United States,S,,,,,68.2,208,,,,,31.7,415,18.7 - 20.2
601,601,Estonia,M,,,21.3,443,32.9,465,,,35,417,43.4,324,18.7 - 20.2
601,,Malaysia,M,,,42.1,216,24.5,577,,,48.9,333,63.4,226,18.7 - 20.2
601,601,Thailand,XL,20.8,391,24.4,397,31.2,489,,,20.9,519,,,18.7 - 20.2
601,601,Spain,XL,33.4,242,,,,,,,,,,,18.7 - 20.2
601,651,Spain,XL,18.5,441,,,47.6,323,,,,,,,18.7 - 20.2
601,551,Argentina,XL,29.9,272,,,,,,,,,,,18.7 - 20.2
601,551,Brazil,XL,31.3,258,,,,,,,,,,,18.7 - 20.2
601,501,Brazil,XL,29.6,276,,,,,,,23.5,499,,,18.7 - 20.2
601,551,Germany,L,,,,,,,34.2,372,41.8,368,21,506,18.7 - 20.2
601,601,Germany,XL,,,,,,,42.4,305,28.9,458,51.3,284,18.7 - 20.2
601,461,Germany,L,,,,,,,58.2,177,,,23.8,475,18.7 - 20.2
601,501,France,XL,23.1,358,,,,,25.5,472,,,20.1,523,18.7 - 20.2
601,501,Switzerland,M,,,,,,,49.7,235,,,44.7,316,18.7 - 20.2
601,701,Malaysia,L,,,,,36.4,417,,,39.3,383,72.4,179,18.7 - 20.2
601,551,Australia,M,,,,,,,29.9,432,57.8,302,55.1,259,18.7 - 20.2
601,651,Hungary,L,,,,,33.9,448,,,,,69.3,194,18.7 - 20.2
601,551,Jordan,XL,20.3,404,36.9,251,,,,,29,457,36.3,377,18.7 - 20.2
601,551,Canada,XL,,,,,43.6,356,,,,,37.6,365,18.7 - 20.2
601,651,Italy,XL,16.7,491,,,,,55.4,193,,,,,18.7 - 20.2
601,701,United Kingdom,L,,,,,,,27.9,452,55,317,34.1,394,18.7 - 20.2
601,601,United Kingdom,L,,,22.2,426,,,,,77.2,218,77.4,158,18.7 - 20.2
601,551,Finland,M,,,,,,,32.5,400,20,535,,,18.7 - 20.2
601,601,United Kingdom,L,,,19.5,470,,,20.4,543,98.6,84,24.6,470,18.7 - 20.2
601,551,United Kingdom,L,,,,,,,,,87.8,178,99.9,26,18.7 - 20.2
601,651,United States,L,,,,,51,301,18.8,572,17.3,569,,,18.7 - 20.2
601,601,Poland,XL,21.8,378,44.2,204,,,,,,,,,18.7 - 20.2
601,651,United States,M,,,,,27,539,35.8,356,29.7,452,66.5,211,18.7 - 20.2
651,651,South Korea,M,,,,,45.8,335,24.2,488,,,,,17.2 - 18.6
651,551,Philippines,M,17.7,465,34.9,273,31.9,479,,,,,,,17.2 - 18.6
651,601,Czech Republic,L,,,36.6,254,,,,,,,61.4,235,17.2 - 18.6
651,651,Canada,L,,,,,,,48.5,249,,,18,548,17.2 - 18.6
651,651,Australia,M,,,,,,,28.2,448,60.5,291,97.7,55,17.2 - 18.6
651,551,Thailand,XL,27.6,305,,,,,,,,,,,17.2 - 18.6
651,701,China,L,,,,,32.2,473,32.8,392,,,,,17.2 - 18.6
651,601,South Korea,L,,,,,48.2,317,19.8,552,,,,,17.2 - 18.6
651,651,Kazakhstan,M,,,,,63,232,,,,,,,17.2 - 18.6
651,651,Japan,M,,,,,71.5,190,,,,,,,17.2 - 18.6
651,,Lebanon,M,,,,,41.8,371,,,98.8,76,38.3,361,17.2 - 18.6
651,651,Mexico,XL,19.6,418,41.7,220,,,,,,,,,17.2 - 18.6
651,651,Mexico,M,,,45.9,190,,,,,61.5,283,,,17.2 - 18.6
651,701,Malaysia,L,,,,,26.6,545,,,41,374,67.7,203,17.2 - 18.6
651,601,Turkey,XL,17,482,46.7,186,,,,,,,,,17.2 - 18.6
651,601,Jordan,L,,,29.5,329,24,586,,,,,55.7,258,17.2 - 18.6
651,,Kazakhstan,M,,,,,59.9,259,,,21.7,508,,,17.2 - 18.6
651,651,Kazakhstan,S,,,23.4,406,48.9,311,,,50.1,329,,,17.2 - 18.6
651,701,South Korea,L,,,,,33.7,453,,,,,,,17.2 - 18.6
651,651,United States,L,,,,,,,49.2,242,,,,,17.2 - 18.6
651,701,Canada,L,,,,,24.7,574,24.6,486,38.5,391,48.8,295,17.2 - 18.6
651,651,Greece,XL,19.9,410,26.9,364,,,26,467,,,21.9,497,17.2 - 18.6
651,601,Taiwan,L,,,,,,,30,431,,,,,17.2 - 18.6
651,701,Japan,L,,,,,65.7,221,,,,,,,17.2 - 18.6
651,,Indonesia,XL,,,,,55.5,283,,,,,,,17.2 - 18.6
651,701,Czech Republic,L,,,,,33.3,458,,,28.9,459,19.9,528,17.2 - 18.6
651,551,South Korea,L,,,25.1,386,27.8,530,18.6,578,19.6,540,19.5,533,17.2 - 18.6
651,701,United States,M,,,,,45,342,,,,,39.1,354,17.2 - 18.6
651,651,United States,M,,,,,,,36.2,352,39.1,385,98.8,44,17.2 - 18.6
651,651,United States,XL,,,,,28.2,524,20.6,540,,,15.1,591,17.2 - 18.6
651,651,Japan,M,,,,,31.4,487,22.5,513,,,,,17.2 - 18.6
651,651,Chile,L,23.3,355,29.5,330,,,,,,,,,17.2 - 18.6
651,651,Argentina,S,,,37.1,249,29.4,507,,,23.4,502,29.5,432,17.2 - 18.6
651,,France,XL,28.2,296,,,,,,,23.8,497,25.9,461,17.2 - 18.6
651,601,Canada,L,,,,,30.8,495,19.1,563,64.5,267,,,17.2 - 18.6
651,601,France,L,,,,,,,20.9,534,66.1,259,60.3,239,17.2 - 18.6
651,651,United States,L,,,,,,,43.4,296,20.5,526,,,17.2 - 18.6
651,501,Iraq,XL,17.5,468,,,49.2,309,,,,,,,17.2 - 18.6
651,651,Greece,L,,,,,,,44.8,283,,,,,17.2 - 18.6
651,701,United States,M,,,,,49.3,308,20.5,541,,,,,17.2 - 18.6
651,601,Israel,L,,,,,25.7,561,31.2,412,,,,,17.2 - 18.6
651,601,United States,XL,,,,,,,38.7,338,,,19.3,535,17.2 - 18.6
651,651,Slovenia,XL,,,,,39.5,391,,,,,,,17.2 - 18.6
651,651,Portugal,L,,,,,,,24.9,480,25.4,485,17.6,552,17.2 - 18.6
651,651,South Korea,M,,,,,43,363,,,,,,,17.2 - 18.6
651,701,United Arab Emirates,L,,,19.4,473,,,,,100,6,100,11,17.2 - 18.6
651,651,Canada,L,,,,,,,64.1,128,,,48.9,294,17.2 - 18.6
651,701,United States,M,,,,,40.1,384,30.6,422,19.4,542,,,17.2 - 18.6
651,701,Australia,L,,,,,,,31.1,414,48.4,334,66.6,210,17.2 - 18.6
701,751,United Arab Emirates,S,,,,,,,,,100,3,100,10,15.4 - 17.1
701,701,Egypt,XL,,,35.8,263,,,,,23.5,500,,,15.4 - 17.1
701,751,Austria,S,,,,,24.6,575,,,91.3,158,66.2,213,15.4 - 17.1
701,751,Indonesia,L,16.7,493,,,26.9,540,,,34.3,428,,,15.4 - 17.1
701,701,United Kingdom,L,,,,,,,,,81.7,203,51.8,282,15.4 - 17.1
701,801,South Korea,L,,,,,36,422,,,,,,,15.4 - 17.1
701,701,United States,L,,,,,,,30.6,423,,,,,15.4 - 17.1
701,701,South Korea,L,,,,,66.6,217,,,,,,,15.4 - 17.1
701,651,Hungary,L,20.8,389,,,,,,,,,16.8,563,15.4 - 17.1
701,751,United States,L,,,,,,,28.3,447,,,,,15.4 - 17.1
701,751,Japan,M,,,,,46.8,331,19.5,561,18.9,554,,,15.4 - 17.1
701,701,China,XL,,,,,,,47.6,256,,,,,15.4 - 17.1
701,701,Pakistan,S,,,46,189,,,,,,,,,15.4 - 17.1
701,701,Ireland,M,,,,,,,18.9,569,78.7,212,21.9,498,15.4 - 17.1
701,651,United States,M,,,,,,,46.2,271,47,340,31.4,419,15.4 - 17.1
701,701,Ukraine,L,,,,,57.3,272,,,,,,,15.4 - 17.1
701,751,United Kingdom,L,,,21.8,436,,,,,44.1,354,44.5,319,15.4 - 17.1
701,801,Russia,M,,,,,60.4,255,,,,,,,15.4 - 17.1
701,651,China,L,,,,,43.3,358,,,38.1,395,39.9,349,15.4 - 17.1
701,601,Germany,XL,,,31.4,302,,,,,19.7,539,16.3,570,15.4 - 17.1
701,701,United States,XL,,,,,,,18.6,577,62.3,276,15.7,577,15.4 - 17.1
701,651,Chile,M,,,64.6,111,,,,,47,339,,,15.4 - 17.1
701,601,Colombia,XL,27.8,300,31.1,307,,,,,,,,,15.4 - 17.1
701,701,Ecuador,M,,,31.6,300,,,,,64,270,,,15.4 - 17.1
701,601,Mexico,L,18.1,453,44.1,207,,,,,,,,,15.4 - 17.1
701,651,Brazil,L,,,,,33.8,451,,,,,,,15.4 - 17.1
701,751,Italy,L,,,,,,,58,178,,,,,15.4 - 17.1
701,701,Italy,L,17.6,466,,,,,31.1,415,,,16.7,565,15.4 - 17.1
701,801,Italy,M,,,,,,,32.3,403,,,,,15.4 - 17.1
701,701,Italy,L,,,,,,,32.3,402,,,15.2,589,15.4 - 17.1
701,651,Germany,L,18.4,445,,,,,,,21.9,507,,,15.4 - 17.1
701,651,Germany,XL,,,,,,,32.7,397,,,22.2,493,15.4 - 17.1
701,801,Germany,L,,,,,,,51.1,222,,,,,15.4 - 17.1
701,651,France,L,16.5,500,,,23.9,590,,,18.3,559,18.6,539,15.4 - 17.1
701,,Malaysia,M,,,,,43.8,355,,,15,595,15.2,590,15.4 - 17.1
701,651,United States,XL,,,20.6,453,,,37.8,342,,,,,15.4 - 17.1
701,751,Italy,M,,,,,,,53.5,203,,,18.2,546,15.4 - 17.1
701,801,United Kingdom,M,,,,,,,,,87.1,180,88.6,111,15.4 - 17.1
701,801,United Kingdom,L,,,,,,,,,81.5,205,96.3,71,15.4 - 17.1
701,751,United Kingdom,L,,,26.9,363,,,,,52.4,323,71.2,184,15.4 - 17.1
701,601,Iraq,L,,,,,46.1,334,,,,,,,15.4 - 17.1
701,701,Greece,L,,,,,,,38.1,341,,,,,15.4 - 17.1
701,751,Hungary,L,,,,,33.4,457,,,,,52,280,15.4 - 17.1
701,601,Iran,XL,17.7,464,,,,,32.3,404,,,,,15.4 - 17.1
701,751,United States,S,,,,,39.7,390,,,,,75.6,166,15.4 - 17.1
701,,Vietnam,XL,16.6,497,,,41.2,375,,,,,,,15.4 - 17.1
701,751,Japan,M,,,,,59.9,258,,,,,,,15.4 - 17.1
701,751,Japan,M,,,,,33.7,454,,,,,,,15.4 - 17.1
701,,United Arab Emirates,M,,,,,30.4,498,,,100,7,,,15.4 - 17.1
751,701,Indonesia,L,17,480,,,26.1,553,,,,,,,14.3 - 15.3
751,651,India,L,,,,,,,42.6,302,,,,,14.3 - 15.3
751,651,China,M,,,,,43.2,360,,,33,434,31.5,416,14.3 - 15.3
751,701,China,L,,,,,25,569,19,565,,,,,14.3 - 15.3
751,701,China,L,,,,,34.6,440,17,595,,,,,14.3 - 15.3
751,701,Slovakia,L,,,,,37.3,410,,,,,18.4,540,14.3 - 15.3
751,,Pakistan,XL,,,22.3,425,36.8,414,,,,,,,14.3 - 15.3
751,651,Ireland,L,,,,,,,,,46.6,344,52.3,275,14.3 - 15.3
751,751,Australia,L,,,,,,,,,64.6,266,76.8,162,14.3 - 15.3
751,,Jordan,S,,,,,36.7,415,,,52,324,33.1,404,14.3 - 15.3
751,,India,M,,,,,47.4,324,,,,,,,14.3 - 15.3
751,751,United States,L,,,,,,,21.5,523,,,,,14.3 - 15.3
751,,Kazakhstan,M,,,,,58.6,264,,,,,,,14.3 - 15.3
751,701,Lithuania,M,,,21.2,445,36.7,416,,,,,,,14.3 - 15.3
751,801,United States,L,,,,,,,35.6,357,21.7,509,19.7,530,14.3 - 15.3
751,701,United Kingdom,M,,,,,,,,,59.5,295,98.9,42,14.3 - 15.3
751,801,United Kingdom,M,,,,,,,,,68,253,95.1,79,14.3 - 15.3
751,701,India,L,,,,,52.3,293,,,,,,,14.3 - 15.3
751,701,United Kingdom,L,,,,,,,,,84.3,194,50.7,288,14.3 - 15.3
751,751,Japan,M,,,,,,,45.4,276,,,,,14.3 - 15.3
751,,Ukraine,L,,,,,50.1,304,,,,,,,14.3 - 15.3
751,801,United States,M,,,,,,,23.8,496,20.9,520,67.3,205,14.3 - 15.3
751,801,United States,L,,,,,,,22,516,33.5,431,,,14.3 - 15.3
751,751,Austria,L,,,,,,,,,,,97.3,61,14.3 - 15.3
751,701,Chile,L,20.5,397,28.1,348,,,,,,,,,14.3 - 15.3
751,651,Latvia,M,,,23.9,401,26.8,541,,,15.9,582,28.7,443,14.3 - 15.3
751,,Slovakia,L,,,,,47.1,328,,,,,,,14.3 - 15.3
751,701,Japan,L,,,18.9,480,24.7,573,,,34.7,420,22.8,488,14.3 - 15.3
751,801,Ukraine,M,,,,,48.3,314,,,,,34.2,393,14.3 - 15.3
751,701,Japan,L,,,,,,,24.8,482,,,,,14.3 - 15.3
751,751,Mexico,XL,22.4,367,18,496,,,,,,,,,14.3 - 15.3
751,651,Venezuela,XL,18.8,435,31.1,308,,,,,,,,,14.3 - 15.3
751,801,Mexico,XL,17.9,460,,,28.8,513,,,,,,,14.3 - 15.3
751,801,Mexico,M,,,19.5,472,31.4,486,,,47.9,336,,,14.3 - 15.3
751,801,Costa Rica,L,,,24.3,398,32.9,464,,,,,,,14.3 - 15.3
751,801,Mexico,M,,,19.7,466,45.5,338,,,,,,,14.3 - 15.3
751,651,Portugal,M,,,26.8,365,,,,,,,20.4,519,14.3 - 15.3
751,651,Brazil,XL,22.5,366,,,,,,,,,,,14.3 - 15.3
751,751,Brazil,XL,18.8,431,,,24.1,583,,,,,,,14.3 - 15.3
751,701,Italy,L,,,23.3,409,,,21.2,528,24.3,494,,,14.3 - 15.3
751,751,Italy,L,,,,,,,44.2,288,,,,,14.3 - 15.3
751,751,Malaysia,XL,18.1,454,26.3,369,,,,,,,,,14.3 - 15.3
751,701,United Kingdom,L,,,,,,,,,61.7,280,61.9,230,14.3 - 15.3
751,701,United States,XL,,,,,,,25.7,470,16.1,581,,,14.3 - 15.3
751,,China,XL,,,,,34.2,442,22.7,511,25.1,488,,,14.3 - 15.3
751,751,United Kingdom,L,,,,,,,,,59.3,296,79.1,154,14.3 - 15.3
751,701,South Africa,XL,,,,,,,20.1,549,49.2,331,,,14.3 - 15.3
751,751,United States,L,,,,,26.7,543,30.3,425,,,,,14.3 - 15.3
751,751,United Kingdom,L,,,,,,,,,31.2,443,68.6,198,14.3 - 15.3
751,751,Australia,L,,,,,,,21.4,526,71.5,243,20.7,513,14.3 - 15.3
801,801,Poland,XL,,,,,23.5,596,,,,,,,7.2 - 14.2
801,801,Poland,L,,,,,35,435,,,,,,,7.2 - 14.2
801,,United Arab Emirates,M,,,,,,,,,100,5,100,6,7.2 - 14.2
801,,Morocco,S,,,,,,,,,90.9,159,,,7.2 - 14.2
801,801,Egypt,XL,,,,,,,,,,,31.8,413,7.2 - 14.2
801,751,Egypt,XL,,,32.9,289,,,,,,,,,7.2 - 14.2
801,801,Romania,L,,,,,,,,,,,,,7.2 - 14.2
801,801,India,L,,,,,32.8,467,,,,,,,7.2 - 14.2
801,751,Saudi Arabia,XL,,,,,,,,,90.1,163,,,7.2 - 14.2
801,,India,L,,,,,,,,,,,23.1,484,7.2 - 14.2
801,,India,L,,,,,35.5,425,,,51.4,325,,,7.2 - 14.2
801,801,Turkey,XL,,,,,,,,,,,,,7.2 - 14.2
801,801,Japan,L,,,,,,,,,,,,,7.2 - 14.2
801,,Egypt,XL,,,,,23.8,593,,,,,,,7.2 - 14.2
801,801,Greece,M,,,32.2,293,,,17.8,584,,,,,7.2 - 14.2
801,801,United States,L,,,,,,,22.1,515,,,15.7,580,7.2 - 14.2
801,801,Australia,L,,,,,,,,,34.3,427,33.6,400,7.2 - 14.2
801,801,Romania,XL,,,,,,,,,,,,,7.2 - 14.2
801,801,Azerbaijan,L,,,,,38.4,398,,,,,,,7.2 - 14.2
801,801,India,L,,,,,,,18.8,571,,,,,7.2 - 14.2
801,,Bangladesh,M,,,32.3,292,,,,,,,,,7.2 - 14.2
801,801,United States,L,,,,,,,16.9,597,,,,,7.2 - 14.2
801,751,Belarus,L,,,20.3,459,39,394,,,,,,,7.2 - 14.2
801,801,Mexico,XL,,,,,,,,,,,,,7.2 - 14.2
801,801,United States,L,,,,,,,25.2,476,15.3,592,36.8,374,7.2 - 14.2
801,801,India,M,,,,,,,,,,,,,7.2 - 14.2
801,801,Palestinian Territory,L,,,,,,,,,15.3,591,,,7.2 - 14.2
801,751,United States,XL,,,26.3,370,,,23.3,505,,,,,7.2 - 14.2
801,751,Hungary,L,,,20.4,457,,,,,,,,,7.2 - 14.2
801,801,China,XL,,,,,,,36.2,351,,,,,7.2 - 14.2
801,801,Australia,L,,,,,,,,,19.3,543,67,208,7.2 - 14.2
801,801,China,XL,,,,,,,29.7,436,,,,,7.2 - 14.2
801,801,Hungary,M,,,25.9,376,,,,,,,34.1,395,7.2 - 14.2
801,,Poland,L,,,,,32.8,466,,,,,,,7.2 - 14.2
801,701,Philippines,L,,,31.4,303,,,,,,,,,7.2 - 14.2
801,801,Indonesia,XL,,,,,,,,,,,,,7.2 - 14.2
801,801,Japan,L,,,,,,,,,23.7,498,,,7.2 - 14.2
801,801,United Kingdom,M,,,,,,,,,41.7,369,92.5,89,7.2 - 14.2
801,,Ecuador,M,,,26,374,27.1,537,,,18.1,563,,,7.2 - 14.2
801,801,Taiwan,L,,,,,,,,,,,15.8,576,7.2 - 14.2
801,751,United States,XL,,,,,,,20.8,536,21.1,515,16.4,568,7.2 - 14.2
801,801,United States,L,,,,,26.7,544,,,32.7,436,35.1,386,7.2 - 14.2
801,801,Taiwan,L,,,,,,,,,,,,,7.2 - 14.2
801,801,Turkey,XL,,,,,,,,,,,,,7.2 - 14.2
801,801,United States,L,,,,,,,21,533,,,16.1,573,7.2 - 14.2
801,751,Turkey,XL,,,,,,,,,,,,,7.2 - 14.2
801,801,Turkey,XL,17,481,18.6,487,,,,,,,,,7.2 - 14.2
801,751,Thailand,XL,21.9,375,,,,,,,,,,,7.2 - 14.2
801,801,Kazakhstan,M,,,,,48.7,312,,,,,,,7.2 - 14.2
801,801,Thailand,XL,,,,,,,,,,,,,7.2 - 14.2
801,751,Saudi Arabia,XL,,,,,,,,,100,49,,,7.2 - 14.2
801,801,Thailand,L,,,,,,,,,,,,,7.2 - 14.2
801,651,Kuwait,XL,,,,,,,,,56.4,306,35,387,7.2 - 14.2
801,,Japan,S,,,,,29,511,16.6,600,,,,,7.2 - 14.2
801,801,Japan,M,,,,,,,25.3,473,15,596,,,7.2 - 14.2
801,,Poland,L,,,,,35.6,423,,,,,,,7.2 - 14.2
801,751,United States,L,,,,,31.1,490,,,,,,,7.2 - 14.2
801,801,United Kingdom,L,,,,,,,,,40.4,378,37,371,7.2 - 14.2
801,801,United States,M,,,,,31.4,488,,,,,,,7.2 - 14.2
801,801,Japan,XL,,,,,,,,,,,,,7.2 - 14.2
801,801,United States,L,,,,,,,,,,,27.2,452,7.2 - 14.2
801,,Malaysia,M,,,,,,,,,24.6,491,22.7,489,7.2 - 14.2
801,,Iraq,XL,,,,,30.8,494,,,,,,,7.2 - 14.2
801,,Taiwan,M,,,,,,,20.1,550,,,,,7.2 - 14.2
801,801,Poland,L,,,,,37.5,409,,,,,,,7.2 - 14.2
801,801,South Africa,XL,,,,,,,,,,,,,7.2 - 14.2
801,,Lebanon,M,,,,,,,,,77.5,216,16.4,567,7.2 - 14.2
801,801,United Kingdom,L,,,30.6,319,,,,,47.8,338,26.5,458,7.2 - 14.2
801,801,Russia,L,,,,,,,,,,,44.7,317,7.2 - 14.2
801,801,Japan,S,,,,,,,,,,,,,7.2 - 14.2
801,801,United States,L,,,,,,,,,,,,,7.2 - 14.2
801,801,Russia,L,,,19.3,474,40.6,378,,,,,18.3,542,7.2 - 14.2
801,801,Ecuador,L,,,,,33,462,,,17.9,565,,,7.2 - 14.2
801,801,Brazil,M,,,,,,,,,,,,,7.2 - 14.2
801,,Poland,L,,,,,,,,,,,,,7.2 - 14.2
801,801,Thailand,XL,16.9,484,,,,,,,,,,,7.2 - 14.2
801,701,South Africa,M,,,,,,,23.9,492,,,51.6,283,7.2 - 14.2
801,,Latvia,M,,,,,,,,,,,78.5,156,7.2 - 14.2
801,801,Japan,XL,,,22.3,422,,,,,34.6,422,,,7.2 - 14.2
801,801,Canada,XL,,,23,412,,,32.1,405,,,,,7.2 - 14.2
801,801,Japan,M,,,,,27.5,532,21.6,521,15.2,593,,,7.2 - 14.2
801,801,United States,XL,,,,,,,28.4,446,,,,,7.2 - 14.2
801,801,India,M,,,,,25.8,560,,,,,,,7.2 - 14.2
801,801,South Korea,M,,,,,,,,,,,,,7.2 - 14.2
801,801,Indonesia,L,,,,,,,,,31.3,442,,,7.2 - 14.2
801,801,Iran,L,,,,,,,21.9,517,,,,,7.2 - 14.2
801,801,Japan,M,,,,,35.3,428,18.9,570,,,,,7.2 - 14.2
801,,Iran,L,,,,,,,35.2,360,,,,,7.2 - 14.2
801,,Russia,L,,,,,,,,,,,,,7.2 - 14.2
801,701,Bulgaria,L,,,18.3,490,35.2,433,,,,,,,7.2 - 14.2
801,,Russia,L,,,,,46.8,332,,,,,20.7,511,7.2 - 14.2
801,801,Australia,M,,,,,,,30.7,418,31.7,440,59.6,243,7.2 - 14.2
801,,Estonia,M,,,,,,,,,64.1,269,17.5,553,7.2 - 14.2
801,,Slovakia,M,,,,,39,393,,,,,,,7.2 - 14.2
801,,Costa Rica,M,,,20.5,456,35.4,427,,,,,,,7.2 - 14.2
801,,India,M,,,,,,,18.9,567,,,,,7.2 - 14.2
801,801,United Kingdom,M,,,,,,,,,53.1,320,67.6,204,7.2 - 14.2
801,801,Japan,L,,,,,,,,,,,,,7.2 - 14.2
801,801,Chile,L,,,,,,,,,19.1,549,,,7.2 - 14.2
801,801,Mexico,XL,16.6,496,,,,,,,,,,,7.2 - 14.2
801,801,Mexico,XL,18.7,436,,,,,,,,,,,7.2 - 14.2
801,651,Venezuela,L,17.8,462,51.1,166,,,,,,,,,7.2 - 14.2
801,801,Spain,L,,,,,25.6,562,,,,,,,7.2 - 14.2
801,701,Uruguay,XL,,,,,24.4,580,,,,,,,7.2 - 14.2
801,751,Colombia,L,,,35.8,264,,,,,,,,,7.2 - 14.2
801,801,Venezuela,XL,,,,,,,,,,,,,7.2 - 14.2
801,801,Mexico,M,,,,,,,,,15.8,585,,,7.2 - 14.2
801,801,Spain,L,,,,,,,,,,,,,7.2 - 14.2
801,801,Spain,L,,,,,,,16.9,598,,,,,7.2 - 14.2
801,801,Puerto Rico,XL,,,,,,,,,,,,,7.2 - 14.2
801,801,Chile,M,,,,,,,,,25.1,489,,,7.2 - 14.2
801,801,Chile,L,,,,,,,,,,,,,7.2 - 14.2
801,801,Colombia,L,,,,,,,,,,,,,7.2 - 14.2
801,801,Colombia,M,,,25.8,377,,,,,19.1,550,,,7.2 - 14.2
801,801,Colombia,L,19,427,,,,,,,,,,,7.2 - 14.2
801,751,Chile,L,,,30.1,324,,,,,18.2,561,,,7.2 - 14.2
801,,Colombia,L,,,62.5,118,,,,,,,,,7.2 - 14.2
801,801,Colombia,L,,,,,,,,,,,,,7.2 - 14.2
801,,Costa Rica,S,,,,,26,556,,,,,,,7.2 - 14.2
801,801,Venezuela,M,,,19.1,479,,,,,15.4,590,,,7.2 - 14.2
801,701,Argentina,XL,22.3,368,,,,,,,,,,,7.2 - 14.2
801,801,Argentina,XL,,,,,,,,,,,16.4,569,7.2 - 14.2
801,801,Argentina,L,,,,,37.7,407,,,,,,,7.2 - 14.2
801,801,Argentina,XL,18.4,446,,,,,,,,,,,7.2 - 14.2
801,,Argentina,XL,,,,,,,,,,,,,7.2 - 14.2
801,801,Peru,XL,18,459,,,,,,,,,,,7.2 - 14.2
801,801,Peru,M,,,,,,,,,40.3,380,,,7.2 - 14.2
801,801,Spain,XL,,,22.3,423,,,,,,,16.9,561,7.2 - 14.2
801,751,Venezuela,M,,,21.6,438,,,,,,,,,7.2 - 14.2
801,801,Chile,L,,,33,288,,,,,20.7,524,,,7.2 - 14.2
801,,Panama,L,,,28.6,345,,,,,,,,,7.2 - 14.2
801,801,Argentina,XL,,,28.9,340,35.5,426,,,,,,,7.2 - 14.2
801,801,Spain,L,,,,,41.1,376,,,,,,,7.2 - 14.2
801,,Spain,L,,,,,,,22.8,509,,,,,7.2 - 14.2
801,801,Brazil,XL,,,,,28.2,525,,,,,,,7.2 - 14.2
801,801,Brazil,L,,,,,44.4,346,,,,,,,7.2 - 14.2
801,801,Brazil,L,,,,,,,,,,,,,7.2 - 14.2
801,801,Brazil,L,,,,,,,,,,,,,7.2 - 14.2
801,801,Brazil,L,,,,,24.5,576,,,,,,,7.2 - 14.2
801,801,Brazil,L,,,,,,,,,,,,,7.2 - 14.2
801,801,Brazil,XL,,,,,,,,,,,,,7.2 - 14.2
801,801,Brazil,XL,,,,,28.8,518,,,,,,,7.2 - 14.2
801,801,Brazil,XL,,,,,37.3,411,,,,,,,7.2 - 14.2
801,801,Italy,L,,,,,,,29.9,433,,,,,7.2 - 14.2
801,701,Italy,L,,,,,,,33.8,375,,,,,7.2 - 14.2
801,751,Italy,XL,16.8,490,,,,,21.4,525,,,,,7.2 - 14.2
801,801,Italy,L,,,,,,,22.7,510,,,,,7.2 - 14.2
801,801,France,L,,,,,,,,,,,,,7.2 - 14.2
801,801,France,L,,,,,,,,,30.3,450,31.9,411,7.2 - 14.2
801,751,France,XL,16.6,498,,,,,,,14.7,600,40.2,346,7.2 - 14.2
801,751,France,XL,,,,,,,,,20.2,533,23.6,481,7.2 - 14.2
801,801,France,L,,,,,,,,,,,40.5,343,7.2 - 14.2
801,801,France,L,,,,,,,,,26,479,41.4,338,7.2 - 14.2
801,751,France,L,,,,,,,,,26,480,23.9,474,7.2 - 14.2
801,801,France,XL,,,,,,,,,,,20.1,524,7.2 - 14.2
801,801,France,L,,,,,,,,,20.5,528,80.5,145,7.2 - 14.2
801,751,France,L,,,,,,,,,43.1,358,65.3,218,7.2 - 14.2
801,801,United States,L,,,,,,,18.5,579,,,,,7.2 - 14.2
801,,Iraq,L,,,,,30.5,497,,,,,,,7.2 - 14.2
801,801,Bahrain,L,,,23.1,411,,,,,98.1,96,23.1,485,7.2 - 14.2
801,801,Italy,L,,,,,,,22.9,507,,,,,7.2 - 14.2
801,801,Serbia,XL,,,,,,,,,,,,,7.2 - 14.2
801,801,Indonesia,XL,,,,,,,,,,,,,7.2 - 14.2
801,701,Romania,XL,17,483,,,,,,,,,,,7.2 - 14.2
801,751,India,L,,,,,,,24.8,483,,,,,7.2 - 14.2
801,801,United Kingdom,L,,,,,,,,,36.2,409,48.9,293,7.2 - 14.2
801,751,Sri Lanka,L,,,20.4,458,,,,,,,,,7.2 - 14.2
801,701,Bangladesh,XL,,,29.9,326,,,,,,,,,7.2 - 14.2
801,801,Pakistan,L,,,25.3,384,,,,,,,14.8,599,7.2 - 14.2
801,,Poland,L,,,,,,,,,,,,,7.2 - 14.2
801,701,Latvia,L,,,,,26.6,547,,,,,,,7.2 - 14.2
801,801,Poland,L,,,,,,,,,,,,,7.2 - 14.2
801,801,Slovenia,L,,,,,33.3,459,,,,,,,7.2 - 14.2
801,801,United States,L,,,,,38.2,402,,,,,,,7.2 - 14.2
801,801,United States,M,,,,,23.9,589,19.8,553,,,,,7.2 - 14.2
801,801,India,XL,,,34.1,280,,,,,,,,,7.2 - 14.2
801,801,Kenya,L,,,,,,,,,,,,,7.2 - 14.2
801,801,Australia,L,,,,,,,24.1,489,19.3,543,,,7.2 - 14.2
801,801,United States,M,,,,,30.3,499,,,,,16.1,574,7.2 - 14.2
801,801,United States,M,,,,,,,,,,,44.5,318,7.2 - 14.2
801,801,Philippines,XL,,,23.5,404,,,,,,,,,7.2 - 14.2
801,,Poland,L,,,,,35.3,430,,,,,,,7.2 - 14.2
801,801,United States,M,,,,,51.8,295,,,,,,,7.2 - 14.2
801,,Pakistan,XL,,,22.1,430,,,,,,,,,7.2 - 14.2
801,801,Australia,M,,,,,,,20.4,544,19.3,543,41.2,340,7.2 - 14.2
801,801,South Africa,L,,,,,,,20.7,537,34.4,425,14.8,597,7.2 - 14.2
801,801,Poland,L,,,,,,,,,,,,,7.2 - 14.2
801,601,Croatia,XL,,,,,28.7,520,,,,,,,7.2 - 14.2
801,,Romania,L,,,,,,,,,,,,,7.2 - 14.2
801,801,France,L,,,,,,,,,37.1,402,53.5,270,7.2 - 14.2
801,801,United States,L,,,,,,,33.5,379,,,,,7.2 - 14.2
801,,India,XL,,,,,29.6,504,,,,,,,7.2 - 14.2
801,801,Italy,L,,,,,,,26.4,465,,,,,7.2 - 14.2
801,,Vietnam,XL,,,17.9,498,25.3,567,,,,,,,7.2 - 14.2
801,801,Russia,L,,,,,40.2,383,,,,,18.1,547,7.2 - 14.2
801,801,Lithuania,M,,,,,,,,,28.1,464,,,7.2 - 14.2
801,801,Romania,L,,,,,,,,,,,,,7.2 - 14.2
801,801,Poland,L,,,17.9,499,,,,,,,,,7.2 - 14.2
801,751,South Korea,L,,,,,,,19.1,564,27.8,468,,,7.2 - 14.2
